Name,descriptio,timestamp,begin,end,altitudeMo,tessellate,extrude,visibility,drawOrder,icon,OBJECTID,TreeName,KGISTreeID,Department,KGISCode,WardNumber,KGISVillag,xcoord,ycoord,zcoord
,,,,,,-1,0,-1,,,4938,Couroupita Guianensis Abul.,GN7025SD2MQD001,4938,29572055428031620000BBMPTREESENSU4933,160,15570,77.51810899999998,12.9084469,0.0
,,,,,,-1,0,-1,,,29698,Couroupita Guianensis Abul.,GN7530CH6DQI001,29698,29572055428031620000BBMPTREESENSU0000,164,15698,77.5590064,12.9293849,0.0
,,,,,,-1,0,-1,,,29865,Couroupita Guianensis Abul.,GN7530CI7KGP001,29865,29572055428031620000BBMPTREESENSU0000,164,15698,77.5594234,12.9305829,0.0
,,,,,,-1,0,-1,,,29866,Couroupita Guianensis Abul.,GN7530CI6EJO001,29866,29572055428031620000BBMPTREESENSU0000,164,15698,77.5593364,12.9302239,0.0
,,,,,,-1,0,-1,,,50360,Couroupita Guianensis Abul.,GN7530GG3FCM001,50360,29572055428031620000BBMPTREESENSU0000,162,15688,77.5466074,12.9377189,0.0
,,,,,,-1,0,-1,,,53565,Couroupita Guianensis Abul.,GN7530KJ8IPP001,53565,29572055428031620000BBMPTREESENSU0000,157,15084,77.5426314,12.9496069,0.0
,,,,,,-1,0,-1,,,54465,Couroupita Guianensis Abul.,GN7030LD5EYF001,54465,29572055428031620000BBMPTREESENSU0000,129,15592,77.5032793,12.9444027,0.0
,,,,,,-1,0,-1,,,54495,Couroupita Guianensis Abul.,GN7030LD6AFM001,54495,29572055428031620000BBMPTREESENSU0000,129,15592,77.5033063,12.9443157,0.0
,,,,,,-1,0,-1,,,56892,Couroupita Guianensis Abul.,GN7030GH7SJM001,56892,29572055428031620000BBMPTREESENSU0000,129,15581,77.5048793,12.9394217,0.0
,,,,,,-1,0,-1,,,56896,Couroupita Guianensis Abul.,GN7030GH7SJH001,56896,29572055428031620000BBMPTREESENSU0000,129,15581,77.5049013,12.9394067,0.0
,,,,,,-1,0,-1,,,56947,Couroupita Guianensis Abul.,GN7030GH8ASN001,56947,29572055428031620000BBMPTREESENSU0000,129,15581,77.5052093,12.9389447,0.0
,,,,,,-1,0,-1,,,56949,Couroupita Guianensis Abul.,GN7030GH8ANE001,56949,29572055428031620000BBMPTREESENSU0000,129,15581,77.50520729999998,12.9388967,0.0
,,,,,,-1,0,-1,,,56954,Couroupita Guianensis Abul.,GN7030GH8ANJ001,56954,29572055428031620000BBMPTREESENSU0000,129,15581,77.5052153,12.9389067,0.0
,,,,,,-1,0,-1,,,56959,Couroupita Guianensis Abul.,GN7030GH8ANN001,56959,29572055428031620000BBMPTREESENSU0000,129,15581,77.5052093,12.9389147,0.0
,,,,,,-1,0,-1,,,56966,Couroupita Guianensis Abul.,GN7030GH8BAN001,56966,29572055428031620000BBMPTREESENSU0000,129,15581,77.50528629999998,12.9388357,0.0
,,,,,,-1,0,-1,,,56968,Couroupita Guianensis Abul.,GN7030GG8VVO001,56968,29572055428031620000BBMPTREESENSU0000,129,15581,77.5053283,12.9388067,0.0
,,,,,,-1,0,-1,,,78721,Couroupita Guianensis Abul.,GN6525SI7GEE001,78721,29572055428031620000BBMPTREESENSU0000,159,15582,77.4766183,12.9130777,0.0
,,,,,,-1,0,-1,,,103081,Couroupita Guianensis Abul.,GN8030UF0MDH001,103081,29572055428031620000BBMPTREESENSU0000,119,15089,77.58139149999998,12.963736,0.0
,,,,,,-1,0,-1,,,121977,Couroupita Guianensis Abul.,GN7030KF6KAE001,121977,29572055428031620000BBMPTREESENSU0000,130,15592,77.4941153,12.9465147,0.0
,,,,,,-1,0,-1,,,123674,Couroupita Guianensis Abul.,GN7030PE6IQG001,123674,29572055428031620000BBMPTREESENSU0000,129,15486,77.49480029999998,12.9545707,0.0
,,,,,,-1,0,-1,,,125543,Couroupita Guianensis Abul.,GN8530CB0CIF001,125543,29572055428031620000BBMPTREESENSU0000,174,15546,77.6454216,12.9230202,0.0
,,,,,,-1,0,-1,,,126412,Couroupita Guianensis Abul.,GN8530CB0GWC001,126412,29572055428031620000BBMPTREESENSU0000,174,15546,77.64520659999998,12.9233022,0.0
,,,,,,-1,0,-1,,,126611,Couroupita Guianensis Abul.,GN8530CB0LDL001,126611,29572055428031620000BBMPTREESENSU0000,174,15546,77.6452616,12.9233572,0.0
,,,,,,-1,0,-1,,,126775,Couroupita Guianensis Abul.,GN8530CB0MQH002,126775,29572055428031620000BBMPTREESENSU0000,174,15546,77.6453676,12.9234532,0.0
,,,,,,-1,0,-1,,,126781,Couroupita Guianensis Abul.,GN8530CB0MQH003,126781,29572055428031620000BBMPTREESENSU0000,174,15546,77.6453706,12.9234502,0.0
,,,,,,-1,0,-1,,,126795,Couroupita Guianensis Abul.,GN8530CB0MXL001,126795,29572055428031620000BBMPTREESENSU0000,174,15546,77.6454386,12.9234932,0.0
,,,,,,-1,0,-1,,,126803,Couroupita Guianensis Abul.,GN8530CB0MXF001,126803,29572055428031620000BBMPTREESENSU0000,174,15546,77.6454276,12.9234852,0.0
,,,,,,-1,0,-1,,,126809,Couroupita Guianensis Abul.,GN8530CB0MXB001,126809,29572055428031620000BBMPTREESENSU0000,174,15546,77.6454216,12.9234802,0.0
,,,,,,-1,0,-1,,,126856,Couroupita Guianensis Abul.,GN8530CB0MVA001,126856,29572055428031620000BBMPTREESENSU0000,174,15546,77.64534059999998,12.9234762,0.0
,,,,,,-1,0,-1,,,126968,Couroupita Guianensis Abul.,GN8530CB0QTB004,126968,29572055428031620000BBMPTREESENSU0000,174,15546,77.6452756,12.9236282,0.0
,,,,,,-1,0,-1,,,127499,Couroupita Guianensis Abul.,GN8530CB0PTE001,127499,29572055428031620000BBMPTREESENSU0000,174,15546,77.64508759999998,12.9236322,0.0
,,,,,,-1,0,-1,,,127509,Couroupita Guianensis Abul.,GN8530CB0QLN001,127509,29572055428031620000BBMPTREESENSU0000,174,15546,77.6451696,12.9236142,0.0
,,,,,,-1,0,-1,,,127514,Couroupita Guianensis Abul.,GN8530CB0QQA002,127514,29572055428031620000BBMPTREESENSU0000,174,15546,77.64516159999998,12.9236302,0.0
,,,,,,-1,0,-1,,,127526,Couroupita Guianensis Abul.,GN8530CB0QCH001,127526,29572055428031620000BBMPTREESENSU0000,174,15546,77.6452206,12.9235312,0.0
,,,,,,-1,0,-1,,,127527,Couroupita Guianensis Abul.,GN8530CB0QGC001,127527,29572055428031620000BBMPTREESENSU0000,174,15546,77.6451806,12.9235542,0.0
,,,,,,-1,0,-1,,,127613,Couroupita Guianensis Abul.,GN8530CB0VBD001,127613,29572055428031620000BBMPTREESENSU0000,174,15546,77.6451916,12.9237032,0.0
,,,,,,-1,0,-1,,,127664,Couroupita Guianensis Abul.,GN8530CB0VHI003,127664,29572055428031620000BBMPTREESENSU0000,174,15546,77.64520159999998,12.9237512,0.0
,,,,,,-1,0,-1,,,127720,Couroupita Guianensis Abul.,GN8530CB0UIP001,127720,29572055428031620000BBMPTREESENSU0000,174,15546,77.64507659999998,12.9237632,0.0
,,,,,,-1,0,-1,,,127734,Couroupita Guianensis Abul.,GN8530CB0UIA001,127734,29572055428031620000BBMPTREESENSU0000,174,15546,77.6450506,12.9237392,0.0
,,,,,,-1,0,-1,,,127997,Couroupita Guianensis Abul.,GN8530CB0RNN001,127997,29572055428031620000BBMPTREESENSU0000,174,15546,77.64542659999998,12.9236132,0.0
,,,,,,-1,0,-1,,,128015,Couroupita Guianensis Abul.,GN8530CB0SUI001,128015,29572055428031620000BBMPTREESENSU0000,174,15546,77.64548859999998,12.9236752,0.0
,,,,,,-1,0,-1,,,128112,Couroupita Guianensis Abul.,GN8530CB0RSG001,128112,29572055428031620000BBMPTREESENSU0000,174,15546,77.6454386,12.9236332,0.0
,,,,,,-1,0,-1,,,128396,Couroupita Guianensis Abul.,GN8530CB0UUJ001,128396,29572055428031620000BBMPTREESENSU0000,174,15546,77.6449496,12.9238662,0.0
,,,,,,-1,0,-1,,,128755,Couroupita Guianensis Abul.,GN8530CC0BHD001,128755,29572055428031620000BBMPTREESENSU0000,174,15546,77.6452246,12.9239112,0.0
,,,,,,-1,0,-1,,,128841,Couroupita Guianensis Abul.,GN8530CC0CSM001,128841,29572055428031620000BBMPTREESENSU0000,174,15546,77.64542559999998,12.9240152,0.0
,,,,,,-1,0,-1,,,129072,Couroupita Guianensis Abul.,GN8530CC0CWK001,129072,29572055428031620000BBMPTREESENSU0000,174,15546,77.6454056,12.9240402,0.0
,,,,,,-1,0,-1,,,129093,Couroupita Guianensis Abul.,GN8530CC0HHP001,129093,29572055428031620000BBMPTREESENSU0000,174,15546,77.6454106,12.9241172,0.0
,,,,,,-1,0,-1,,,129179,Couroupita Guianensis Abul.,GN8530CC0HQK001,129179,29572055428031620000BBMPTREESENSU0000,174,15546,77.64536959999998,12.9241862,0.0
,,,,,,-1,0,-1,,,129201,Couroupita Guianensis Abul.,GN8530CC0MDP001,129201,29572055428031620000BBMPTREESENSU0000,174,15546,77.64545359999998,12.9242612,0.0
,,,,,,-1,0,-1,,,129208,Couroupita Guianensis Abul.,GN8530CC0NFA001,129208,29572055428031620000BBMPTREESENSU0000,174,15546,77.6454956,12.9242752,0.0
,,,,,,-1,0,-1,,,129218,Couroupita Guianensis Abul.,GN8530CC0NKE001,129218,29572055428031620000BBMPTREESENSU0000,174,15546,77.64549359999998,12.9243152,0.0
,,,,,,-1,0,-1,,,129223,Couroupita Guianensis Abul.,GN8530CC0MIB001,129223,29572055428031620000BBMPTREESENSU0000,174,15546,77.6454296,12.9242782,0.0
,,,,,,-1,0,-1,,,129400,Couroupita Guianensis Abul.,GN8530CC0HHA002,129400,29572055428031620000BBMPTREESENSU0000,174,15546,77.6453886,12.9240982,0.0
,,,,,,-1,0,-1,,,129422,Couroupita Guianensis Abul.,GN8530CC0CUM001,129422,29572055428031620000BBMPTREESENSU0000,174,15546,77.6453106,12.9240482,0.0
,,,,,,-1,0,-1,,,129507,Couroupita Guianensis Abul.,GN8530CC0GMO001,129507,29572055428031620000BBMPTREESENSU0000,174,15546,77.6452216,12.9241602,0.0
,,,,,,-1,0,-1,,,130006,Couroupita Guianensis Abul.,GN8530CC0HYJ001,130006,29572055428031620000BBMPTREESENSU0000,174,15546,77.64546559999998,12.9242242,0.0
,,,,,,-1,0,-1,,,130072,Couroupita Guianensis Abul.,GN8530CC0NJL001,130072,29572055428031620000BBMPTREESENSU0000,174,15546,77.6456756,12.9242922,0.0
,,,,,,-1,0,-1,,,130131,Couroupita Guianensis Abul.,GN8530CC0INA001,130131,29572055428031620000BBMPTREESENSU0000,174,15546,77.6456106,12.9241292,0.0
,,,,,,-1,0,-1,,,130513,Couroupita Guianensis Abul.,GN8530CC0JFK001,130513,29572055428031620000BBMPTREESENSU0000,174,15546,77.64569659999998,12.9241072,0.0
,,,,,,-1,0,-1,,,130624,Couroupita Guianensis Abul.,GN8530CC1KGM001,130624,29572055428031620000BBMPTREESENSU0000,174,15546,77.6459016,12.9242982,0.0
,,,,,,-1,0,-1,,,131209,Couroupita Guianensis Abul.,GN8530CC1ARJ001,131209,29572055428031620000BBMPTREESENSU0000,174,15546,77.6459466,12.9239992,0.0
,,,,,,-1,0,-1,,,131282,Couroupita Guianensis Abul.,GN8530CC1ASN001,131282,29572055428031620000BBMPTREESENSU0000,174,15546,77.6459856,12.9240072,0.0
,,,,,,-1,0,-1,,,131343,Couroupita Guianensis Abul.,GN8530CC1BUF001,131343,29572055428031620000BBMPTREESENSU0005,174,15546,77.6460526,12.9240262,0.0
,,,,,,-1,0,-1,,,131707,Couroupita Guianensis Abul.,GN8530CC1FJG001,131707,29572055428031620000BBMPTREESENSU0000,174,15546,77.6460306,12.9240932,0.0
,,,,,,-1,0,-1,,,131762,Couroupita Guianensis Abul.,GN8530CC1BVL001,131762,29572055428031620000BBMPTREESENSU0000,174,15546,77.6461136,12.9240292,0.0
,,,,,,-1,0,-1,,,132754,Couroupita Guianensis Abul.,GN8530CC1NEI001,132754,29572055428031620000BBMPTREESENSU0000,174,15546,77.64656359999998,12.9242422,0.0
,,,,,,-1,0,-1,,,132790,Couroupita Guianensis Abul.,GN8530CC1NNF002,132790,29572055428031620000BBMPTREESENSU0000,174,15546,77.6465376,12.9243072,0.0
,,,,,,-1,0,-1,,,132806,Couroupita Guianensis Abul.,GN8530CC1NMO001,132806,29572055428031620000BBMPTREESENSU0000,174,15546,77.6465146,12.9243222,0.0
,,,,,,-1,0,-1,,,133051,Couroupita Guianensis Abul.,GN8530CC1OCF001,133051,29572055428031620000BBMPTREESENSU0000,174,15546,77.6466856,12.9242332,0.0
,,,,,,-1,0,-1,,,133204,Couroupita Guianensis Abul.,GN8530CC2GUH001,133204,29572055428031620000BBMPTREESENSU0000,174,15546,77.64699659999998,12.9241952,0.0
,,,,,,-1,0,-1,,,133292,Couroupita Guianensis Abul.,GN8530CC2HLI001,133292,29572055428031620000BBMPTREESENSU0000,174,15546,77.6471946,12.9241262,0.0
,,,,,,-1,0,-1,,,133293,Couroupita Guianensis Abul.,GN8530CC2GTL001,133293,29572055428031620000BBMPTREESENSU0000,174,15546,77.6471446,12.9241692,0.0
,,,,,,-1,0,-1,,,133306,Couroupita Guianensis Abul.,GN8530CC2MOG001,133306,29572055428031620000BBMPTREESENSU0000,174,15546,77.6473186,12.9242982,0.0
,,,,,,-1,0,-1,,,133307,Couroupita Guianensis Abul.,GN8530CC2MYD001,133307,29572055428031620000BBMPTREESENSU0000,174,15546,77.6473316,12.9243672,0.0
,,,,,,-1,0,-1,,,133471,Couroupita Guianensis Abul.,GN8530CC2NXL001,133471,29572055428031620000BBMPTREESENSU0000,174,15501,77.6474766,12.9243802,0.0
,,,,,,-1,0,-1,,,133525,Couroupita Guianensis Abul.,GN8530CC2OXN001,133525,29572055428031620000BBMPTREESENSU0000,174,15501,77.64764859999998,12.9243832,0.0
,,,,,,-1,0,-1,,,133533,Couroupita Guianensis Abul.,GN8530CC2OSP001,133533,29572055428031620000BBMPTREESENSU0000,174,15501,77.6476616,12.9243542,0.0
,,,,,,-1,0,-1,,,133591,Couroupita Guianensis Abul.,GN8530CC2KSP001,133591,29572055428031620000BBMPTREESENSU0000,174,15546,77.64692359999998,12.9243612,0.0
,,,,,,-1,0,-1,,,133602,Couroupita Guianensis Abul.,GN8530CC1OSM001,133602,29572055428031620000BBMPTREESENSU0000,174,15546,77.6467106,12.9243652,0.0
,,,,,,-1,0,-1,,,133621,Couroupita Guianensis Abul.,GN8530CC1NXA002,133621,29572055428031620000BBMPTREESENSU0000,174,15546,77.6465276,12.9243732,0.0
,,,,,,-1,0,-1,,,134101,Couroupita Guianensis Abul.,GN8530BC9BXN001,134101,29572055428031620000BBMPTREESENSU0000,174,15546,77.6443216,12.9240572,0.0
,,,,,,-1,0,-1,,,139402,Couroupita Guianensis Abul.,GN6525OE5BIA001,139402,29572055428031620000BBMPTREESENSU0000,198,15558,77.4838203,12.9002047,0.0
,,,,,,-1,0,-1,,,139973,Couroupita Guianensis Abul.,GN8525VE4OIF001,139973,29572055428031620000BBMPTREESENSU0000,174,15546,77.6402006,12.9171122,0.0
,,,,,,-1,0,-1,,,141135,Couroupita Guianensis Abul.,GN8525VG3RAM001,141135,29572055428031620000BBMPTREESENSU0000,174,15546,77.6388106,12.9190972,0.0
,,,,,,-1,0,-1,,,144461,Couroupita Guianensis Abul.,GN8525VJ9LFF002,144461,29572055428031620000BBMPTREESENSU0000,174,15501,77.6441906,12.9215872,0.0
,,,,,,-1,0,-1,,,145020,Couroupita Guianensis Abul.,GN8530CB0EKI001,145020,29572055428031620000BBMPTREESENSU0000,174,15546,77.64567259999998,12.9230612,0.0
,,,,,,-1,0,-1,,,149444,Couroupita Guianensis Abul.,GN8525VE9MSB001,149444,29572055428031620000BBMPTREESENSU0000,174,15501,77.6444366,12.9171282,0.0
,,,,,,-1,0,-1,,,150684,Couroupita Guianensis Abul.,GN8525WD4PMP001,150684,29572055428031620000BBMPTREESENSU0000,174,15501,77.6486496,12.9163582,0.0
,,,,,,-1,0,-1,,,170045,Couroupita Guianensis Abul.,GN8525VB3BOB001,170045,29572055428031620000BBMPTREESENSU0000,174,15546,77.63873259999998,12.9140752,0.0
,,,,,,-1,0,-1,,,171362,Couroupita Guianensis Abul.,GN8525VC3QEP001,171362,29572055428031620000BBMPTREESENSU0000,174,15546,77.6387646,12.9154752,0.0
,,,,,,-1,0,-1,,,175581,Couroupita Guianensis Abul.,GN8525QF2CMP001,175581,29572055428031620000BBMPTREESENSU0000,174,15549,77.6378816,12.9086962,0.0
,,,,,,-1,0,-1,,,175582,Couroupita Guianensis Abul.,GN8525QF2CGB001,175582,29572055428031620000BBMPTREESENSU0000,174,15549,77.6378226,12.9086352,0.0
,,,,,,-1,0,-1,,,176944,Couroupita Guianensis Abul.,GN8525RI2TPC005,176944,29572055428031620000BBMPTREESENSU0000,174,15517,77.6474086,12.9118622,0.0
,,,,,,-1,0,-1,,,177464,Couroupita Guianensis Abul.,GN9025VI3BYB001,177464,29572055428031620000BBMPTREESENSU0000,150,21454,77.6848397,12.9200023,0.0
,,,,,,-1,0,-1,,,177488,Couroupita Guianensis Abul.,GN9030BC7DPH001,177488,29572055428031620000BBMPTREESENSU0000,150,21453,77.6888007,12.9235514,0.0
,,,,,,-1,0,-1,,,179251,Couroupita Guianensis Abul.,GN9025UC7VKK001,179251,29572055428031620000BBMPTREESENSU0000,150,21465,77.6791297,12.9153103,0.0
,,,,,,-1,0,-1,,,179281,Couroupita Guianensis Abul.,GN9025VI0KBP001,179281,29572055428031620000BBMPTREESENSU0000,150,21438,77.68180169999998,12.9202783,0.0
,,,,,,-1,0,-1,,,179436,Couroupita Guianensis Abul.,GN8525QI5JNK001,179436,29572055428031620000BBMPTREESENSU0000,174,15517,77.6410726,12.9115422,0.0
,,,,,,-1,0,-1,,,179497,Couroupita Guianensis Abul.,GN8525QI5JEC001,179497,29572055428031620000BBMPTREESENSU0000,174,15517,77.64110359999998,12.9114572,0.0
,,,,,,-1,0,-1,,,179505,Couroupita Guianensis Abul.,GN8525QI6FBC001,179505,29572055428031620000BBMPTREESENSU0000,174,15517,77.6411806,12.9114522,0.0
,,,,,,-1,0,-1,,,179761,Couroupita Guianensis Abul.,GN9025UB8KSH001,179761,29572055428031620000BBMPTREESENSU0000,150,21465,77.6799707,12.9140703,0.0
,,,,,,-1,0,-1,,,179773,Couroupita Guianensis Abul.,GN9025UI6NOF001,179773,29572055428031620000BBMPTREESENSU0000,150,21438,77.6787647,12.9203663,0.0
,,,,,,-1,0,-1,,,179922,Couroupita Guianensis Abul.,GN9025UH5QOL002,179922,29572055428031620000BBMPTREESENSU0000,150,21465,77.6774937,12.9196683,0.0
,,,,,,-1,0,-1,,,179958,Couroupita Guianensis Abul.,GN9025UI4ECG001,179958,29572055428031620000BBMPTREESENSU0000,150,21465,77.67703969999998,12.9199533,0.0
,,,,,,-1,0,-1,,,180337,Couroupita Guianensis Abul.,GN9025VG0YGP001,180337,29572055428031620000BBMPTREESENSU0000,150,21464,77.68252769999998,12.9188623,0.0
,,,,,,-1,0,-1,,,180542,Couroupita Guianensis Abul.,GN8525RI2TPC024,180542,29572055428031620000BBMPTREESENSU0000,174,15517,77.6474086,12.9118622,0.0
,,,,,,-1,0,-1,,,180903,Couroupita Guianensis Abul.,GN9025UF6HEA001,180903,29572055428031620000BBMPTREESENSU0000,150,21465,77.6785437,12.9173933,0.0
,,,,,,-1,0,-1,,,180948,Couroupita Guianensis Abul.,GN9025UF6CXL001,180948,29572055428031620000BBMPTREESENSU0000,150,21465,77.6785297,12.9173823,0.0
,,,,,,-1,0,-1,,,180964,Couroupita Guianensis Abul.,GN9025UF6HKO001,180964,29572055428031620000BBMPTREESENSU0000,150,21465,77.6784167,12.9175003,0.0
,,,,,,-1,0,-1,,,180965,Couroupita Guianensis Abul.,GN9025UF6CYM005,180965,29572055428031620000BBMPTREESENSU0000,150,21465,77.67854169999998,12.9173843,0.0
,,,,,,-1,0,-1,,,180968,Couroupita Guianensis Abul.,GN9025UF6HAI001,180968,29572055428031620000BBMPTREESENSU0000,150,21465,77.6783977,12.9174163,0.0
,,,,,,-1,0,-1,,,180972,Couroupita Guianensis Abul.,GN9025UF6GIG001,180972,29572055428031620000BBMPTREESENSU0000,150,21465,77.67833969999998,12.9174473,0.0
,,,,,,-1,0,-1,,,180983,Couroupita Guianensis Abul.,GN9025UF6BVK001,180983,29572055428031620000BBMPTREESENSU0000,150,21465,77.6782697,12.9173853,0.0
,,,,,,-1,0,-1,,,181172,Couroupita Guianensis Abul.,GN9025UH5NAH001,181172,29572055428031620000BBMPTREESENSU0000,150,21465,77.67770369999998,12.9194013,0.0
,,,,,,-1,0,-1,,,181187,Couroupita Guianensis Abul.,GN9025UH5MYC001,181187,29572055428031620000BBMPTREESENSU0000,150,21465,77.67766369999998,12.9195393,0.0
,,,,,,-1,0,-1,,,181350,Couroupita Guianensis Abul.,GN8525QI4INB001,181350,29572055428031620000BBMPTREESENSU0000,174,15517,77.63995959999998,12.9115342,0.0
,,,,,,-1,0,-1,,,181418,Couroupita Guianensis Abul.,GN9025UE0ITL007,181418,29572055428031620000BBMPTREESENSU0000,150,21465,77.67322369999998,12.9166763,0.0
,,,,,,-1,0,-1,,,181518,Couroupita Guianensis Abul.,GN9025UD1DPF012,181518,29572055428031620000BBMPTREESENSU0000,150,21465,77.6739677,12.9155693,0.0
,,,,,,-1,0,-1,,,181741,Couroupita Guianensis Abul.,GN9025UD1DPF052,181741,29572055428031620000BBMPTREESENSU0000,150,21465,77.6739677,12.9155693,0.0
,,,,,,-1,0,-1,,,181758,Couroupita Guianensis Abul.,GN9025UD1DPF056,181758,29572055428031620000BBMPTREESENSU0000,150,21465,77.6739677,12.9155693,0.0
,,,,,,-1,0,-1,,,181891,Couroupita Guianensis Abul.,GN9025PI1UUO001,181891,29572055428031620000BBMPTREESENSU0000,150,21467,77.6733837,12.9118393,0.0
,,,,,,-1,0,-1,,,182159,Couroupita Guianensis Abul.,GN8525TB2YWA001,182159,29572055428031620000BBMPTREESENSU0000,150,21459,77.66582169999998,12.9055693,0.0
,,,,,,-1,0,-1,,,184341,Couroupita Guianensis Abul.,GN8525TC5GMD001,184341,29572055428031620000BBMPTREESENSU0000,150,21467,77.66805669999998,12.9058323,0.0
,,,,,,-1,0,-1,,,184636,Couroupita Guianensis Abul.,GN8525TC6CJH007,184636,29572055428031620000BBMPTREESENSU0000,150,21467,77.66923769999998,12.9056093,0.0
,,,,,,-1,0,-1,,,186320,Couroupita Guianensis Abul.,GN8525OG2JNI001,186320,29572055428031620000BBMPTREESENSU0000,150,21459,77.6658037,12.9004503,0.0
,,,,,,-1,0,-1,,,186333,Couroupita Guianensis Abul.,GN8525OG3KQA001,186333,29572055428031620000BBMPTREESENSU0000,150,21459,77.6659137,12.9006483,0.0
,,,,,,-1,0,-1,,,186351,Couroupita Guianensis Abul.,GN8525OG2OWB001,186351,29572055428031620000BBMPTREESENSU0000,150,21459,77.66577169999998,12.9006873,0.0
,,,,,,-1,0,-1,,,186363,Couroupita Guianensis Abul.,GN8525OG3PQA001,186363,29572055428031620000BBMPTREESENSU0000,150,21459,77.6659137,12.9008333,0.0
,,,,,,-1,0,-1,,,186504,Couroupita Guianensis Abul.,GN8525TA2DBN001,186504,29572055428031620000BBMPTREESENSU0000,150,21459,77.6655877,12.9038253,0.0
,,,,,,-1,0,-1,,,187058,Couroupita Guianensis Abul.,GN9025UB0WSI015,187058,29572055428031620000BBMPTREESENSU0000,150,21465,77.67295369999998,12.9145043,0.0
,,,,,,-1,0,-1,,,187640,Couroupita Guianensis Abul.,GN9025UD1KFN001,187640,29572055428031620000BBMPTREESENSU0053,150,21465,77.6734137,12.9158853,0.0
,,,,,,-1,0,-1,,,188202,Couroupita Guianensis Abul.,GN8525NC8MGE015,188202,29572055428031620000BBMPTREESENSU0000,150,21459,77.66163969999998,12.8970213,0.0
,,,,,,-1,0,-1,,,188616,Couroupita Guianensis Abul.,GN8525OB1KWO001,188616,29572055428031620000BBMPTREESENSU0000,150,21459,77.66408169999998,12.8962143,0.0
,,,,,,-1,0,-1,,,190618,Couroupita Guianensis Abul.,GN8525QG9NKM001,190618,29572055428031620000BBMPTREESENSU0000,174,15517,77.6444206,12.9098932,0.0
,,,,,,-1,0,-1,,,190643,Couroupita Guianensis Abul.,GN8525QG9IPH001,190643,29572055428031620000BBMPTREESENSU0000,174,15517,77.64445259999998,12.9097332,0.0
,,,,,,-1,0,-1,,,192274,Couroupita Guianensis Abul.,GN9025KH5WUE007,192274,29572055428031620000BBMPTREESENSU0000,150,21467,77.6773067,12.9018413,0.0
,,,,,,-1,0,-1,,,196414,Couroupita Guianensis Abul.,GN8525NC3TVG001,196414,29572055428031620000BBMPTREESENSU0000,150,21459,77.6574267,12.8973512,0.0
,,,,,,-1,0,-1,,,196698,Couroupita Guianensis Abul.,GN8525NA1YFP010,196698,29572055428031620000BBMPTREESENSU0000,150,21459,77.6555397,12.8956512,0.0
,,,,,,-1,0,-1,,,198511,Couroupita Guianensis Abul.,GN8525NF4LMG038,198511,29572055428031620000BBMPTREESENSU0000,150,21459,77.6578607,12.8997972,0.0
,,,,,,-1,0,-1,,,198705,Couroupita Guianensis Abul.,GN8525NH3HID015,198705,29572055428031620000BBMPTREESENSU0000,150,21459,77.6571787,12.9013852,0.0
,,,,,,-1,0,-1,,,199688,Couroupita Guianensis Abul.,GN8525ND8VXI007,199688,29572055428031620000BBMPTREESENSU0000,150,21459,77.6615397,12.8984003,0.0
,,,,,,-1,0,-1,,,199706,Couroupita Guianensis Abul.,GN8525ND8KGM001,199706,29572055428031620000BBMPTREESENSU0000,150,21459,77.6612837,12.8979453,0.0
,,,,,,-1,0,-1,,,200134,Couroupita Guianensis Abul.,GN8525NF9NNH007,200134,29572055428031620000BBMPTREESENSU0000,150,21459,77.66287769999998,12.8997513,0.0
,,,,,,-1,0,-1,,,200903,Couroupita Guianensis Abul.,GN8525OC2RRD011,200903,29572055428031620000BBMPTREESENSU0000,150,21459,77.6653917,12.8972193,0.0
,,,,,,-1,0,-1,,,200908,Couroupita Guianensis Abul.,GN8525OC2RRD012,200908,29572055428031620000BBMPTREESENSU0000,150,21459,77.6653917,12.8972193,0.0
,,,,,,-1,0,-1,,,200920,Couroupita Guianensis Abul.,GN8525OE2XMO001,200920,29572055428031620000BBMPTREESENSU0000,150,21459,77.6655887,12.8991973,0.0
,,,,,,-1,0,-1,,,201094,Couroupita Guianensis Abul.,GN8525OD3AXD001,201094,29572055428031620000BBMPTREESENSU0000,150,21459,77.66597869999998,12.8976123,0.0
,,,,,,-1,0,-1,,,201097,Couroupita Guianensis Abul.,GN8525OD3BUE001,201097,29572055428031620000BBMPTREESENSU0000,150,21459,77.66602469999998,12.8976183,0.0
,,,,,,-1,0,-1,,,201102,Couroupita Guianensis Abul.,GN8525OD3BUM001,201102,29572055428031620000BBMPTREESENSU0000,150,21459,77.6660257,12.8976383,0.0
,,,,,,-1,0,-1,,,202220,Couroupita Guianensis Abul.,GN8525OA1RBM035,202220,29572055428031620000BBMPTREESENSU0000,150,21459,77.6643877,12.8953413,0.0
,,,,,,-1,0,-1,,,203656,Couroupita Guianensis Abul.,GN8525TI6HIA010,203656,29572055428031620000BBMPTREESENSU0000,150,21467,77.6692337,12.9112073,0.0
,,,,,,-1,0,-1,,,204740,Couroupita Guianensis Abul.,GN8530EH8XMC001,204740,29572055428031620000BBMPTREESENSU0000,150,21438,77.6714267,12.9289223,0.0
,,,,,,-1,0,-1,,,205148,Couroupita Guianensis Abul.,GN8530EG6BVB013,205148,29572055428031620000BBMPTREESENSU0000,150,21438,77.6691567,12.9273893,0.0
,,,,,,-1,0,-1,,,211752,Couroupita Guianensis Abul.,GN8525RE9KLJ001,211752,29572055428031620000BBMPTREESENSU0000,174,15517,77.6531077,12.9079852,0.0
,,,,,,-1,0,-1,,,214375,Couroupita Guianensis Abul.,GN9025PH8URD044,214375,29572055428031620000BBMPTREESENSU0000,150,21467,77.6799007,12.9108013,0.0
,,,,,,-1,0,-1,,,219212,Couroupita Guianensis Abul.,GN9030QB8LIL001,219212,29572055428031620000BBMPTREESENSU0000,86,21442,77.68974969999998,12.9500364,0.0
,,,,,,-1,0,-1,,,225772,Couroupita Guianensis Abul.,GN8535BJ9CRI032,225772,29572055428031620000BBMPTREESENSU0000,80,21413,77.64500959999998,12.9755022,0.0
,,,,,,-1,0,-1,,,225852,Couroupita Guianensis Abul.,GN8535BJ9CRI048,225852,29572055428031620000BBMPTREESENSU0000,80,21413,77.64500959999998,12.9755022,0.0
,,,,,,-1,0,-1,,,225863,Couroupita Guianensis Abul.,GN8535BJ9CRI050,225863,29572055428031620000BBMPTREESENSU0000,80,21413,77.64500959999998,12.9755022,0.0
,,,,,,-1,0,-1,,,226065,Couroupita Guianensis Abul.,GN8535BJ9CRI089,226065,29572055428031620000BBMPTREESENSU0000,80,21413,77.64500959999998,12.9755022,0.0
,,,,,,-1,0,-1,,,226069,Couroupita Guianensis Abul.,GN8535BJ9CRI090,226069,29572055428031620000BBMPTREESENSU0000,80,21413,77.64500959999998,12.9755022,0.0
,,,,,,-1,0,-1,,,226953,Couroupita Guianensis Abul.,GN8040PE2JXG001,226953,29572055428031620000BBMPTREESENSU0000,8,15103,77.58442239999998,13.044081,0.0
,,,,,,-1,0,-1,,,232389,Couroupita Guianensis Abul.,GN9030KG3QXF004,232389,29572055428031620000BBMPTREESENSU0000,86,21468,77.67587369999998,12.9459443,0.0
,,,,,,-1,0,-1,,,233512,Couroupita Guianensis Abul.,GN7025BD9QYI001,233512,29572055428031620000BBMPTREESENSU0000,198,15599,77.5057793,12.8816857,0.0
,,,,,,-1,0,-1,,,233935,Couroupita Guianensis Abul.,GN8535DI2FPB026,233935,29572055428031620000BBMPTREESENSU0000,58,21413,77.6565356,12.9746472,0.0
,,,,,,-1,0,-1,,,236179,Couroupita Guianensis Abul.,GN8525UA5QHH001,236179,29572055428031620000BBMPTREESENSU0000,174,15509,77.63130859999998,12.9137702,0.0
,,,,,,-1,0,-1,,,239331,Couroupita Guianensis Abul.,GN8535DB3BXF018,239331,29572055428031620000BBMPTREESENSU0000,58,21477,77.6576836,12.9681732,0.0
,,,,,,-1,0,-1,,,239339,Couroupita Guianensis Abul.,GN8535DB3BXF020,239339,29572055428031620000BBMPTREESENSU0000,58,21477,77.6576836,12.9681732,0.0
,,,,,,-1,0,-1,,,240371,Couroupita Guianensis Abul.,GN8525PH5ESF001,240371,29572055428031620000BBMPTREESENSU0000,174,15509,77.6318456,12.9105842,0.0
,,,,,,-1,0,-1,,,244215,Couroupita Guianensis Abul.,GN8535JF9WWC001,244215,29572055428031620000BBMPTREESENSU0000,57,21415,77.6727197,12.9813793,0.0
,,,,,,-1,0,-1,,,244237,Couroupita Guianensis Abul.,GN8535JG9BIA001,244237,29572055428031620000BBMPTREESENSU0000,57,21415,77.6725567,12.9814543,0.0
,,,,,,-1,0,-1,,,244719,Couroupita Guianensis Abul.,GN8535JA9YOI001,244719,29572055428031620000BBMPTREESENSU0000,57,21415,77.67309469999998,12.9768013,0.0
,,,,,,-1,0,-1,,,246325,Couroupita Guianensis Abul.,GN8035EB8LFP003,246325,29572055428031620000BBMPTREESENSU0000,114,30092,77.6253636,12.9687691,0.0
,,,,,,-1,0,-1,,,248132,Couroupita Guianensis Abul.,GN8530LG4LYJ029,248132,29572055428031620000BBMPTREESENSU0000,114,30092,77.6399906,12.9461352,0.0
,,,,,,-1,0,-1,,,251311,Couroupita Guianensis Abul.,GN8035EG5MNM004,251311,29572055428031620000BBMPTREESENSU0000,114,30092,77.6229095,12.9733501,0.0
,,,,,,-1,0,-1,,,252272,Couroupita Guianensis Abul.,GN8525UB1VDI001,252272,29572055428031620000BBMPTREESENSU0000,174,15540,77.62764559999998,12.9148571,0.0
,,,,,,-1,0,-1,,,254886,Couroupita Guianensis Abul.,GN8525UC0XKP001,254886,29572055428031620000BBMPTREESENSU0000,174,15540,77.6270126,12.9158551,0.0
,,,,,,-1,0,-1,,,254911,Couroupita Guianensis Abul.,GN8525UC0XBP001,254911,29572055428031620000BBMPTREESENSU0000,174,15540,77.6270496,12.9157771,0.0
,,,,,,-1,0,-1,,,254956,Couroupita Guianensis Abul.,GN8525UC0SNO001,254956,29572055428031620000BBMPTREESENSU0000,174,15540,77.6271206,12.9156661,0.0
,,,,,,-1,0,-1,,,255116,Couroupita Guianensis Abul.,GN8535CB0JCN042,255116,29572055428031620000BBMPTREESENSU0000,88,21413,77.6462286,12.9683472,0.0
,,,,,,-1,0,-1,,,256174,Couroupita Guianensis Abul.,GN8530VF6THK018,256174,29572055428031620000BBMPTREESENSU0000,88,15094,77.6425056,12.9633512,0.0
,,,,,,-1,0,-1,,,256360,Couroupita Guianensis Abul.,GN8530VD8JNG005,256360,29572055428031620000BBMPTREESENSU0000,88,21477,77.6443546,12.9611902,0.0
,,,,,,-1,0,-1,,,256449,Couroupita Guianensis Abul.,GN8530VE8SQB003,256449,29572055428031620000BBMPTREESENSU0000,88,21477,77.6441046,12.9624812,0.0
,,,,,,-1,0,-1,,,259320,Couroupita Guianensis Abul.,GN8530XF2LSD001,259320,29572055428031620000BBMPTREESENSU0000,88,21477,77.65673359999998,12.9630792,0.0
,,,,,,-1,0,-1,,,259697,Couroupita Guianensis Abul.,GN8530VC6QRO014,259697,29572055428031620000BBMPTREESENSU0000,88,15093,77.64192559999998,12.9607302,0.0
,,,,,,-1,0,-1,,,259777,Couroupita Guianensis Abul.,GN8530VC6QRO027,259777,29572055428031620000BBMPTREESENSU0000,88,15093,77.64192559999998,12.9607302,0.0
,,,,,,-1,0,-1,,,261667,Couroupita Guianensis Abul.,GN8025YE9JHI001,261667,29572055428031620000BBMPTREESENSU0000,174,15540,77.6263416,12.9170791,0.0
,,,,,,-1,0,-1,,,263657,Couroupita Guianensis Abul.,GN8530VC5WPI032,263657,29572055428031620000BBMPTREESENSU0000,112,15093,77.64109259999998,12.9609102,0.0
,,,,,,-1,0,-1,,,263671,Couroupita Guianensis Abul.,GN8530VC5WPI034,263671,29572055428031620000BBMPTREESENSU0000,112,15093,77.64109259999998,12.9609102,0.0
,,,,,,-1,0,-1,,,263694,Couroupita Guianensis Abul.,GN8530VC5WPI037,263694,29572055428031620000BBMPTREESENSU0000,112,15093,77.64109259999998,12.9609102,0.0
,,,,,,-1,0,-1,,,263715,Couroupita Guianensis Abul.,GN8530VC5WPI040,263715,29572055428031620000BBMPTREESENSU0000,112,15093,77.64109259999998,12.9609102,0.0
,,,,,,-1,0,-1,,,263723,Couroupita Guianensis Abul.,GN8530VC5WPI041,263723,29572055428031620000BBMPTREESENSU0000,112,15093,77.64109259999998,12.9609102,0.0
,,,,,,-1,0,-1,,,263935,Couroupita Guianensis Abul.,GN8530VC5WPI067,263935,29572055428031620000BBMPTREESENSU0000,112,15093,77.64109259999998,12.9609102,0.0
,,,,,,-1,0,-1,,,267451,Couroupita Guianensis Abul.,GN8530VC3RTD012,267451,29572055428031620000BBMPTREESENSU0000,112,15093,77.6394236,12.9607202,0.0
,,,,,,-1,0,-1,,,267458,Couroupita Guianensis Abul.,GN8530VC3RTD013,267458,29572055428031620000BBMPTREESENSU0000,112,15093,77.6394236,12.9607202,0.0
,,,,,,-1,0,-1,,,267462,Couroupita Guianensis Abul.,GN8530VC3RTD014,267462,29572055428031620000BBMPTREESENSU0000,112,15093,77.6394236,12.9607202,0.0
,,,,,,-1,0,-1,,,267626,Couroupita Guianensis Abul.,GN8530VC2TGO006,267626,29572055428031620000BBMPTREESENSU0000,112,15093,77.6387536,12.9606872,0.0
,,,,,,-1,0,-1,,,267630,Couroupita Guianensis Abul.,GN8530VC2TGO007,267630,29572055428031620000BBMPTREESENSU0000,112,15093,77.6387536,12.9606872,0.0
,,,,,,-1,0,-1,,,267633,Couroupita Guianensis Abul.,GN8530VC2TGO008,267633,29572055428031620000BBMPTREESENSU0000,112,15093,77.6387536,12.9606872,0.0
,,,,,,-1,0,-1,,,267645,Couroupita Guianensis Abul.,GN8530VD0IDJ001,267645,29572055428031620000BBMPTREESENSU0000,112,15093,77.63679159999998,12.9612012,0.0
,,,,,,-1,0,-1,,,267650,Couroupita Guianensis Abul.,GN8530VD0IDJ002,267650,29572055428031620000BBMPTREESENSU0000,112,15093,77.63679159999998,12.9612012,0.0
,,,,,,-1,0,-1,,,267674,Couroupita Guianensis Abul.,GN8530VD0IDJ006,267674,29572055428031620000BBMPTREESENSU0000,112,15093,77.63679159999998,12.9612012,0.0
,,,,,,-1,0,-1,,,267677,Couroupita Guianensis Abul.,GN8530VD0IDJ007,267677,29572055428031620000BBMPTREESENSU0000,112,15093,77.63679159999998,12.9612012,0.0
,,,,,,-1,0,-1,,,268070,Couroupita Guianensis Abul.,GN8530VD0MBC004,268070,29572055428031620000BBMPTREESENSU0000,112,15093,77.6365456,12.9613672,0.0
,,,,,,-1,0,-1,,,272398,Couroupita Guianensis Abul.,GN8525UB3OVB001,272398,29572055428031620000BBMPTREESENSU0000,174,15509,77.62997059999998,12.9146032,0.0
,,,,,,-1,0,-1,,,275431,Couroupita Guianensis Abul.,GN8535BB0KXF001,275431,29572055428031620000BBMPTREESENSU0000,112,15094,77.6363206,12.9687522,0.0
,,,,,,-1,0,-1,,,275478,Couroupita Guianensis Abul.,GN8535BB0LPI001,275478,29572055428031620000BBMPTREESENSU0000,112,15094,77.6363846,12.9687222,0.0
,,,,,,-1,0,-1,,,277185,Couroupita Guianensis Abul.,GN8535BE4BAE023,277185,29572055428031620000BBMPTREESENSU0000,112,15094,77.6400916,12.9709142,0.0
,,,,,,-1,0,-1,,,321448,Couroupita Guianensis Abul.,GN8525YJ3XCH001,321448,29572055428031620000BBMPTREESENSU0000,174,15521,77.66675069999998,12.9216793,0.0
,,,,,,-1,0,-1,,,383995,Couroupita Guianensis Abul.,GN8525VJ1QIC001,383995,29572055428031620000BBMPTREESENSU0000,173,15524,77.6369456,12.9218292,0.0
,,,,,,-1,0,-1,,,435271,Couroupita Guianensis Abul.,GN8525UI2RID001,435271,29572055428031620000BBMPTREESENSU0000,173,15524,77.6288416,12.9210062,0.0
,,,,,,-1,0,-1,,,435290,Couroupita Guianensis Abul.,GN8525UJ2CII001,435290,29572055428031620000BBMPTREESENSU0000,173,15524,77.6288116,12.9213882,0.0
,,,,,,-1,0,-1,,,494099,Couroupita Guianensis Abul.,GN8530AA5CYC002,494099,29572055428031620000BBMPTREESENSU0000,173,15524,77.63164659999998,12.9223532,0.0
,,,,,,-1,0,-1,,,494375,Couroupita Guianensis Abul.,GN8530AA5CQB001,494375,29572055428031620000BBMPTREESENSU0000,173,15524,77.63152259999998,12.9223192,0.0
,,,,,,-1,0,-1,,,494445,Couroupita Guianensis Abul.,GN8530AA5BHA001,494445,29572055428031620000BBMPTREESENSU0000,173,15524,77.6313646,12.9222482,0.0
,,,,,,-1,0,-1,,,494518,Couroupita Guianensis Abul.,GN8525UJ5VXG001,494518,29572055428031620000BBMPTREESENSU0000,173,15524,77.6314206,12.9221812,0.0
,,,,,,-1,0,-1,,,496868,Couroupita Guianensis Abul.,GN7525SD4VYO001,496868,29572055428031620000BBMPTREESENSU0000,181,15693,77.5659285,12.9084039,0.0
,,,,,,-1,0,-1,,,501840,Couroupita Guianensis Abul.,GN8525UH2GLJ001,501840,29572055428031620000BBMPTREESENSU0000,173,15524,77.62855159999998,12.9197991,0.0
,,,,,,-1,0,-1,,,502226,Couroupita Guianensis Abul.,GN8525UJ3LEO001,502226,29572055428031620000BBMPTREESENSU0000,173,15524,77.62961459999998,12.9217182,0.0
,,,,,,-1,0,-1,,,502259,Couroupita Guianensis Abul.,GN8525UJ3OLP001,502259,29572055428031620000BBMPTREESENSU0000,173,15524,77.6300636,12.9217812,0.0
,,,,,,-1,0,-1,,,502267,Couroupita Guianensis Abul.,GN8525UJ3TMA001,502267,29572055428031620000BBMPTREESENSU0000,173,15524,77.6300776,12.9219392,0.0
,,,,,,-1,0,-1,,,502276,Couroupita Guianensis Abul.,GN8525UJ3YGF001,502276,29572055428031620000BBMPTREESENSU0000,173,15524,77.6300496,12.9220912,0.0
,,,,,,-1,0,-1,,,502284,Couroupita Guianensis Abul.,GN8525UJ3YGB001,502284,29572055428031620000BBMPTREESENSU0000,173,15524,77.63004359999998,12.9220842,0.0
,,,,,,-1,0,-1,,,502324,Couroupita Guianensis Abul.,GN8530AA3BWK001,502324,29572055428031620000BBMPTREESENSU0000,173,15524,77.6295446,12.9223922,0.0
,,,,,,-1,0,-1,,,513177,Couroupita Guianensis Abul.,GN8530AB6ALL002,513177,29572055428031620000BBMPTREESENSU0000,173,15524,77.6321066,12.9231972,0.0
,,,,,,-1,0,-1,,,516347,Couroupita Guianensis Abul.,GN8025YJ5OLK001,516347,29572055428031620000BBMPTREESENSU0000,173,15536,77.6226886,12.9218491,0.0
,,,,,,-1,0,-1,,,516420,Couroupita Guianensis Abul.,GN8025YJ6FKG001,516420,29572055428031620000BBMPTREESENSU0000,173,15536,77.6228336,12.9216591,0.0
,,,,,,-1,0,-1,,,516424,Couroupita Guianensis Abul.,GN8025YJ5OAL001,516424,29572055428031620000BBMPTREESENSU0000,173,15536,77.6226566,12.9217781,0.0
,,,,,,-1,0,-1,,,519636,Couroupita Guianensis Abul.,GN8530AC9JMI001,519636,29572055428031620000BBMPTREESENSU0000,173,15524,77.63562059999998,12.9242482,0.0
,,,,,,-1,0,-1,,,521302,Couroupita Guianensis Abul.,GN8025XH9GDH001,521302,29572055428031620000BBMPTREESENSU0000,172,15536,77.6166666,12.9198391,0.0
,,,,,,-1,0,-1,,,521338,Couroupita Guianensis Abul.,GN8025YF1MMC001,521338,29572055428031620000BBMPTREESENSU0000,172,15536,77.61863459999998,12.9182581,0.0
,,,,,,-1,0,-1,,,526259,Couroupita Guianensis Abul.,GN8025XF0ELN001,526259,29572055428031620000BBMPTREESENSU0000,172,15545,77.6088185,12.9180171,0.0
,,,,,,-1,0,-1,,,527011,Couroupita Guianensis Abul.,GN8025XE7JEI001,527011,29572055428031620000BBMPTREESENSU0000,172,15536,77.6153616,12.9171551,0.0
,,,,,,-1,0,-1,,,527359,Couroupita Guianensis Abul.,GN8025YE0LGB001,527359,29572055428031620000BBMPTREESENSU0000,172,15536,77.61746859999998,12.9173261,0.0
,,,,,,-1,0,-1,,,539774,Couroupita Guianensis Abul.,GN8030SJ7EDA007,539774,29572055428031620000BBMPTREESENSU0000,115,15149,77.6157475,12.9576001,0.0
,,,,,,-1,0,-1,,,539786,Couroupita Guianensis Abul.,GN8030SJ8ANO001,539786,29572055428031620000BBMPTREESENSU0000,115,15149,77.6159545,12.9577041,0.0
,,,,,,-1,0,-1,,,539849,Couroupita Guianensis Abul.,GN8030SJ8HQA010,539849,29572055428031620000BBMPTREESENSU0000,115,15149,77.61623249999998,12.9578861,0.0
,,,,,,-1,0,-1,,,539954,Couroupita Guianensis Abul.,GN8030SI8PVF001,539954,29572055428031620000BBMPTREESENSU0000,115,15149,77.61586149999998,12.9573981,0.0
,,,,,,-1,0,-1,,,539999,Couroupita Guianensis Abul.,GN8030SH8OEL002,539999,29572055428031620000BBMPTREESENSU0000,115,15149,77.6167155,12.9561641,0.0
,,,,,,-1,0,-1,,,540035,Couroupita Guianensis Abul.,GN8030SH8OEL014,540035,29572055428031620000BBMPTREESENSU0000,115,15149,77.6167155,12.9561641,0.0
,,,,,,-1,0,-1,,,542925,Couroupita Guianensis Abul.,GN8030EB4FHE001,542925,29572055428031620000BBMPTREESENSU0000,151,15536,77.6210636,12.9234441,0.0
,,,,,,-1,0,-1,,,543800,Couroupita Guianensis Abul.,GN8030EB4ANF001,543800,29572055428031620000BBMPTREESENSU0000,151,15536,77.6211116,12.9232961,0.0
,,,,,,-1,0,-1,,,543929,Couroupita Guianensis Abul.,GN9530WI4DXP001,543929,29572055428031620000BBMPTREESENSU0000,84,21434,77.7418598,12.9646055,0.0
,,,,,,-1,0,-1,,,544059,Couroupita Guianensis Abul.,GN9530WG4SUB001,544059,29572055428031620000BBMPTREESENSU0000,84,21434,77.7417108,12.9633165,0.0
,,,,,,-1,0,-1,,,544064,Couroupita Guianensis Abul.,GN9530WG4SPK001,544064,29572055428031620000BBMPTREESENSU0000,84,21434,77.7417178,12.9632955,0.0
,,,,,,-1,0,-1,,,544156,Couroupita Guianensis Abul.,GN9530WI5UWB028,544156,29572055428031620000BBMPTREESENSU0000,84,21434,77.7421798,12.9652995,0.0
,,,,,,-1,0,-1,,,544162,Couroupita Guianensis Abul.,GN9530WI5UWB029,544162,29572055428031620000BBMPTREESENSU0000,84,21434,77.7421798,12.9652995,0.0
,,,,,,-1,0,-1,,,544520,Couroupita Guianensis Abul.,GN9530WI8CWJ001,544520,29572055428031620000BBMPTREESENSU0000,84,21434,77.7452988,12.9645595,0.0
,,,,,,-1,0,-1,,,544536,Couroupita Guianensis Abul.,GN9530WI7FIB012,544536,29572055428031620000BBMPTREESENSU0000,84,21434,77.7440438,12.9646245,0.0
,,,,,,-1,0,-1,,,544552,Couroupita Guianensis Abul.,GN9530WI8GSF001,544552,29572055428031620000BBMPTREESENSU0000,84,21434,77.7451578,12.9647005,0.0
,,,,,,-1,0,-1,,,544819,Couroupita Guianensis Abul.,GN9530WI8OCI001,544819,29572055428031620000BBMPTREESENSU0000,84,21434,77.7456638,12.9647736,0.0
,,,,,,-1,0,-1,,,544821,Couroupita Guianensis Abul.,GN9530WI8OAO001,544821,29572055428031620000BBMPTREESENSU0000,84,21434,77.74560979999998,12.9647856,0.0
,,,,,,-1,0,-1,,,544828,Couroupita Guianensis Abul.,GN9530WI8NJB002,544828,29572055428031620000BBMPTREESENSU0000,84,21434,77.7455568,12.9647965,0.0
,,,,,,-1,0,-1,,,544869,Couroupita Guianensis Abul.,GN8530AJ0ERO001,544869,29572055428031620000BBMPTREESENSU0000,151,15524,77.6274166,12.9305191,0.0
,,,,,,-1,0,-1,,,545980,Couroupita Guianensis Abul.,GN8030EJ9OGJ002,545980,29572055428031620000BBMPTREESENSU0000,151,15524,77.6264546,12.9308061,0.0
,,,,,,-1,0,-1,,,546080,Couroupita Guianensis Abul.,GN8530AJ0PKA001,546080,29572055428031620000BBMPTREESENSU0000,151,15524,77.6265936,12.9310061,0.0
,,,,,,-1,0,-1,,,546558,Couroupita Guianensis Abul.,GN9530PI8MDK001,546558,29572055428031620000BBMPTREESENSU0000,84,21485,77.7268298,12.9559385,0.0
,,,,,,-1,0,-1,,,548524,Couroupita Guianensis Abul.,GN8030EJ8MLO001,548524,29572055428031620000BBMPTREESENSU0000,151,15524,77.62517959999998,12.9308681,0.0
,,,,,,-1,0,-1,,,548572,Couroupita Guianensis Abul.,GN8030RH4PBP001,548572,29572055428031620000BBMPTREESENSU0000,117,15071,77.60297749999998,12.9564931,0.0
,,,,,,-1,0,-1,,,549196,Couroupita Guianensis Abul.,GN8030EJ8KNG001,549196,29572055428031620000BBMPTREESENSU0000,151,15524,77.62488159999998,12.9308491,0.0
,,,,,,-1,0,-1,,,549904,Couroupita Guianensis Abul.,GN8030QH3GHB001,549904,29572055428031620000BBMPTREESENSU0000,117,15089,77.5930405,12.956236,0.0
,,,,,,-1,0,-1,,,549919,Couroupita Guianensis Abul.,GN8030QH3GFB001,549919,29572055428031620000BBMPTREESENSU0000,117,15089,77.5929675,12.95624,0.0
,,,,,,-1,0,-1,,,549947,Couroupita Guianensis Abul.,GN8030QH2JYA001,549947,29572055428031620000BBMPTREESENSU0000,117,15089,77.5927455,12.956355,0.0
,,,,,,-1,0,-1,,,549965,Couroupita Guianensis Abul.,GN8030QH2ONA001,549965,29572055428031620000BBMPTREESENSU0000,117,15089,77.59271049999998,12.956461,0.0
,,,,,,-1,0,-1,,,550145,Couroupita Guianensis Abul.,GN8030QH2JHJ001,550145,29572055428031620000BBMPTREESENSU0000,117,15089,77.59267649999998,12.956266,0.0
,,,,,,-1,0,-1,,,550208,Couroupita Guianensis Abul.,GN8030QH3AYH001,550208,29572055428031620000BBMPTREESENSU0000,117,15089,77.5929555,12.956175,0.0
,,,,,,-1,0,-1,,,550216,Couroupita Guianensis Abul.,GN8030QH3BMD001,550216,29572055428031620000BBMPTREESENSU0000,117,15089,77.59305949999998,12.956096,0.0
,,,,,,-1,0,-1,,,550640,Couroupita Guianensis Abul.,GN8030QC8RUI001,550640,29572055428031620000BBMPTREESENSU0000,117,15500,77.5977115,12.952168,0.0
,,,,,,-1,0,-1,,,551439,Couroupita Guianensis Abul.,GN8030EH8EXJ001,551439,29572055428031620000BBMPTREESENSU0000,151,15524,77.6255886,12.9287571,0.0
,,,,,,-1,0,-1,,,554390,Couroupita Guianensis Abul.,GN8035CI2VNH001,554390,29572055428031620000BBMPTREESENSU0000,111,30092,77.6015905,12.9757111,0.0
,,,,,,-1,0,-1,,,555798,Couroupita Guianensis Abul.,GN8035BG5NLB001,555798,29572055428031620000BBMPTREESENSU0000,111,30092,77.5953975,12.973597,0.0
,,,,,,-1,0,-1,,,555800,Couroupita Guianensis Abul.,GN8035BG5NFE001,555800,29572055428031620000BBMPTREESENSU0000,111,30092,77.59535649999998,12.973569,0.0
,,,,,,-1,0,-1,,,556956,Couroupita Guianensis Abul.,GN8035IG4AUC001,556956,29572055428031620000BBMPTREESENSU0000,110,30092,77.6124095,12.9821711,0.0
,,,,,,-1,0,-1,,,556968,Couroupita Guianensis Abul.,GN8035IF3YUL001,556968,29572055428031620000BBMPTREESENSU0000,110,30092,77.61223549999998,12.9820161,0.0
,,,,,,-1,0,-1,,,558705,Couroupita Guianensis Abul.,GN8530AG1QLF001,558705,29572055428031620000BBMPTREESENSU0000,151,15524,77.6277156,12.9282961,0.0
,,,,,,-1,0,-1,,,558764,Couroupita Guianensis Abul.,GN8530AG1QPB001,558764,29572055428031620000BBMPTREESENSU0000,151,15524,77.62767859999998,12.9283161,0.0
,,,,,,-1,0,-1,,,560633,Couroupita Guianensis Abul.,GN8035BE4FLG001,560633,29572055428031620000BBMPTREESENSU0000,110,30092,77.5939135,12.971639,0.0
,,,,,,-1,0,-1,,,560798,Couroupita Guianensis Abul.,GN8530AF1TYC001,560798,29572055428031620000BBMPTREESENSU0000,151,15524,77.62837759999998,12.9274501,0.0
,,,,,,-1,0,-1,,,561611,Couroupita Guianensis Abul.,GN8035AA6FOD001,561611,29572055428031620000BBMPTREESENSU0000,110,30092,77.5866295,12.968084,0.0
,,,,,,-1,0,-1,,,561837,Couroupita Guianensis Abul.,GN8035AG6FJJ015,561837,29572055428031620000BBMPTREESENSU0000,110,15150,77.5866615,12.973489,0.0
,,,,,,-1,0,-1,,,564310,Couroupita Guianensis Abul.,GN8030MI8FAN001,564310,29572055428031620000BBMPTREESENSU0000,147,15500,77.6065135,12.9479621,0.0
,,,,,,-1,0,-1,,,564791,Couroupita Guianensis Abul.,GN8530AH8ISK001,564791,29572055428031620000BBMPTREESENSU0009,151,15524,77.6346256,12.9288102,0.0
,,,,,,-1,0,-1,,,565223,Couroupita Guianensis Abul.,GN8530AH9BJO001,565223,29572055428031620000BBMPTREESENSU0000,151,15524,77.6352076,12.9285572,0.0
,,,,,,-1,0,-1,,,565231,Couroupita Guianensis Abul.,GN8530AG9UAN001,565231,29572055428031620000BBMPTREESENSU0000,151,15524,77.6348696,12.9283482,0.0
,,,,,,-1,0,-1,,,568812,Couroupita Guianensis Abul.,GN9530YI2CVF001,568812,29572055428031620000BBMPTREESENSU0000,84,21396,77.7581589,12.9644136,0.0
,,,,,,-1,0,-1,,,568847,Couroupita Guianensis Abul.,GN9530YI2HJC002,568847,29572055428031620000BBMPTREESENSU0000,84,21396,77.7582739,12.9644776,0.0
,,,,,,-1,0,-1,,,569001,Couroupita Guianensis Abul.,GN9530YH3XIC001,569001,29572055428031620000BBMPTREESENSU0000,84,21396,77.75934289999998,12.9641046,0.0
,,,,,,-1,0,-1,,,569134,Couroupita Guianensis Abul.,GN9530YH3IFL001,569134,29572055428031620000BBMPTREESENSU0000,84,21396,77.75923589999998,12.9635866,0.0
,,,,,,-1,0,-1,,,569387,Couroupita Guianensis Abul.,GN9530YH4BWK001,569387,29572055428031620000BBMPTREESENSU0000,84,21396,77.7598499,12.9635016,0.0
,,,,,,-1,0,-1,,,569536,Couroupita Guianensis Abul.,GN9530YH2DJP001,569536,29572055428031620000BBMPTREESENSU0000,84,21396,77.7584569,12.9634176,0.0
,,,,,,-1,0,-1,,,573168,Couroupita Guianensis Abul.,HN0035AE1FED019,573168,29572055428031620000BBMPTREESENSU0000,84,21396,77.7662699,12.9697796,0.0
,,,,,,-1,0,-1,,,573182,Couroupita Guianensis Abul.,HN0035AE1FED021,573182,29572055428031620000BBMPTREESENSU0000,84,21396,77.7662699,12.9697796,0.0
,,,,,,-1,0,-1,,,573204,Couroupita Guianensis Abul.,HN0035AE1FED024,573204,29572055428031620000BBMPTREESENSU0000,84,21396,77.7662699,12.9697796,0.0
,,,,,,-1,0,-1,,,573749,Couroupita Guianensis Abul.,GN9535AB1BDE001,573749,29572055428031620000BBMPTREESENSU0000,85,21409,77.7203088,12.9673845,0.0
,,,,,,-1,0,-1,,,574307,Couroupita Guianensis Abul.,GN9535AB2SWN001,574307,29572055428031620000BBMPTREESENSU0000,85,21409,77.72157079999998,12.9680725,0.0
,,,,,,-1,0,-1,,,574346,Couroupita Guianensis Abul.,GN9535AC2OAM001,574346,29572055428031620000BBMPTREESENSU0000,85,21409,77.7216808,12.9686505,0.0
,,,,,,-1,0,-1,,,574666,Couroupita Guianensis Abul.,GN9535DH1KQJ004,574666,29572055428031620000BBMPTREESENSU0000,84,21434,77.74774879999998,12.9729896,0.0
,,,,,,-1,0,-1,,,574785,Couroupita Guianensis Abul.,GN9535AE2LCJ001,574785,29572055428031620000BBMPTREESENSU0000,85,21409,77.7212318,12.9704495,0.0
,,,,,,-1,0,-1,,,575619,Couroupita Guianensis Abul.,GN9530QI3EAP001,575619,29572055428031620000BBMPTREESENSU0000,84,21485,77.73169679999998,12.9555355,0.0
,,,,,,-1,0,-1,,,575672,Couroupita Guianensis Abul.,GN9530QI3CVH001,575672,29572055428031620000BBMPTREESENSU0000,84,21485,77.73136979999998,12.9556665,0.0
,,,,,,-1,0,-1,,,576602,Couroupita Guianensis Abul.,GN9535AF0LSC002,576602,29572055428031620000BBMPTREESENSU0000,85,21409,77.7194478,12.9714595,0.0
,,,,,,-1,0,-1,,,577557,Couroupita Guianensis Abul.,GN9535HI8YAP004,577557,29572055428031620000BBMPTREESENSU0000,83,21403,77.7458208,12.9832066,0.0
,,,,,,-1,0,-1,,,578827,Couroupita Guianensis Abul.,GN9540AA5BTN012,578827,29572055428031620000BBMPTREESENSU0000,53,21428,77.7245158,13.0117235,0.0
,,,,,,-1,0,-1,,,579137,Couroupita Guianensis Abul.,GN9535IF7ELA001,579137,29572055428031620000BBMPTREESENSU0000,83,21403,77.75407889999998,12.9797386,0.0
,,,,,,-1,0,-1,,,580542,Couroupita Guianensis Abul.,GN9535JI4FJD001,580542,29572055428031620000BBMPTREESENSU0000,83,21316,77.7599579,12.9825286,0.0
,,,,,,-1,0,-1,,,582551,Couroupita Guianensis Abul.,GN9535HC6JFM001,582551,29572055428031620000BBMPTREESENSU0000,83,21403,77.7438848,12.9773055,0.0
,,,,,,-1,0,-1,,,583761,Couroupita Guianensis Abul.,GN9035IB7EFG001,583761,29572055428031620000BBMPTREESENSU0000,85,21393,77.7079697,12.9765824,0.0
,,,,,,-1,0,-1,,,585611,Couroupita Guianensis Abul.,GN9035DI2OHE001,585611,29572055428031620000BBMPTREESENSU0000,85,21393,77.70339269999998,12.9742824,0.0
,,,,,,-1,0,-1,,,585653,Couroupita Guianensis Abul.,GN9035DI2DEC001,585653,29572055428031620000BBMPTREESENSU0000,85,21393,77.7033007,12.9738744,0.0
,,,,,,-1,0,-1,,,587664,Couroupita Guianensis Abul.,GN9535FB4GKH001,587664,29572055428031620000BBMPTREESENSU0000,85,21397,77.72308479999998,12.9766365,0.0
,,,,,,-1,0,-1,,,587839,Couroupita Guianensis Abul.,GN9535AJ6LRO001,587839,29572055428031620000BBMPTREESENSU0000,85,21397,77.7249738,12.9750485,0.0
,,,,,,-1,0,-1,,,588949,Couroupita Guianensis Abul.,GN9040DC6QGA004,588949,29572055428031620000BBMPTREESENSU0000,52,21429,77.7069237,13.0141604,0.0
,,,,,,-1,0,-1,,,590243,Couroupita Guianensis Abul.,GN9035CD5XTE001,590243,29572055428031620000BBMPTREESENSU0000,85,21393,77.6967947,12.9702614,0.0
,,,,,,-1,0,-1,,,590592,Couroupita Guianensis Abul.,GN9040HG3GYA019,590592,29572055428031620000BBMPTREESENSU0000,52,21430,77.6951937,13.0266734,0.0
,,,,,,-1,0,-1,,,591724,Couroupita Guianensis Abul.,GN9040HD5LBN019,591724,29572055428031620000BBMPTREESENSU0000,52,21430,77.6969067,13.0240104,0.0
,,,,,,-1,0,-1,,,591942,Couroupita Guianensis Abul.,GN9040HE5SVD006,591942,29572055428031620000BBMPTREESENSU0000,52,21430,77.6972997,13.0252064,0.0
,,,,,,-1,0,-1,,,592006,Couroupita Guianensis Abul.,GN9040HE4JXG001,592006,29572055428031620000BBMPTREESENSU0000,52,21430,77.6966317,13.0248634,0.0
,,,,,,-1,0,-1,,,595480,Couroupita Guianensis Abul.,GN9035EF2QHI001,595480,29572055428031620000BBMPTREESENSU0000,85,21409,77.71202479999998,12.9716694,0.0
,,,,,,-1,0,-1,,,598236,Couroupita Guianensis Abul.,GN9035MJ5XCD001,598236,29572055428031620000BBMPTREESENSU0000,82,21410,77.6969967,12.9936344,0.0
,,,,,,-1,0,-1,,,598506,Couroupita Guianensis Abul.,GN9035MH5LLE001,598506,29572055428031620000BBMPTREESENSU0000,82,21410,77.6965447,12.9915474,0.0
,,,,,,-1,0,-1,,,598769,Couroupita Guianensis Abul.,GN9035MG5GBI001,598769,29572055428031620000BBMPTREESENSU0000,82,21410,77.6965337,12.9903994,0.0
,,,,,,-1,0,-1,,,598820,Couroupita Guianensis Abul.,GN9035MG5AEJ001,598820,29572055428031620000BBMPTREESENSU0000,82,21410,77.69646369999998,12.9902264,0.0
,,,,,,-1,0,-1,,,598967,Couroupita Guianensis Abul.,GN9035ME4UKO001,598967,29572055428031620000BBMPTREESENSU0000,82,21410,77.69539369999998,12.9892274,0.0
,,,,,,-1,0,-1,,,598973,Couroupita Guianensis Abul.,GN9035MG3COE001,598973,29572055428031620000BBMPTREESENSU0000,82,21410,77.69498369999998,12.9902974,0.0
,,,,,,-1,0,-1,,,600867,Couroupita Guianensis Abul.,GN7545KI2MMA001,600867,29572055428031620000BBMPTREESENSU0000,11,15424,77.5383353,13.0843868,0.0
,,,,,,-1,0,-1,,,601183,Couroupita Guianensis Abul.,GN7545PA4LFL001,601183,29572055428031620000BBMPTREESENSU0000,11,15424,77.5399663,13.0861599,0.0
,,,,,,-1,0,-1,,,601231,Couroupita Guianensis Abul.,GN7545PA4FRN001,601231,29572055428031620000BBMPTREESENSU0000,11,15424,77.5398383,13.0860629,0.0
,,,,,,-1,0,-1,,,601258,Couroupita Guianensis Abul.,GN7545PA4FFJ001,601258,29572055428031620000BBMPTREESENSU0000,11,15424,77.5397573,13.0859789,0.0
,,,,,,-1,0,-1,,,603114,Couroupita Guianensis Abul.,GN7045OD6IRN001,603114,29572055428031620000BBMPTREESENSU0000,11,15424,77.5329523,13.0798058,0.0
,,,,,,-1,0,-1,,,605316,Couroupita Guianensis Abul.,GN7545FF5RCO001,605316,29572055428031620000BBMPTREESENSU0000,11,15424,77.54100029999998,13.0727459,0.0
,,,,,,-1,0,-1,,,605522,Couroupita Guianensis Abul.,GN7545FC5CSM014,605522,29572055428031620000BBMPTREESENSU0000,11,15424,77.5409853,13.0696069,0.0
,,,,,,-1,0,-1,,,609799,Couroupita Guianensis Abul.,GN7545HE3XTG001,609799,29572055428031620000BBMPTREESENSU0000,9,15400,77.5578393,13.0719479,0.0
,,,,,,-1,0,-1,,,611209,Couroupita Guianensis Abul.,GN7545LE6QQE001,611209,29572055428031620000BBMPTREESENSU0000,11,15388,77.55097829999998,13.0808729,0.0
,,,,,,-1,0,-1,,,612159,Couroupita Guianensis Abul.,GN7545MI3EFM003,612159,29572055428031620000BBMPTREESENSU0000,11,15377,77.5579743,13.0838239,0.0
,,,,,,-1,0,-1,,,612194,Couroupita Guianensis Abul.,GN7545MI3MDC001,612194,29572055428031620000BBMPTREESENSU0000,11,15377,77.5577433,13.0841239,0.0
,,,,,,-1,0,-1,,,612211,Couroupita Guianensis Abul.,GN7545MI3MKN001,612211,29572055428031620000BBMPTREESENSU0000,11,15377,77.55762029999998,13.0842179,0.0
,,,,,,-1,0,-1,,,612868,Couroupita Guianensis Abul.,GN7545MJ2EVO001,612868,29572055428031620000BBMPTREESENSU0000,11,15377,77.5571183,13.0848389,0.0
,,,,,,-1,0,-1,,,613717,Couroupita Guianensis Abul.,GN7540XB4NEK001,613717,29572055428031620000BBMPTREESENSU0000,8,15138,77.56775639999998,13.0506159,0.0
,,,,,,-1,0,-1,,,613977,Couroupita Guianensis Abul.,GN7540XB7VTP001,613977,29572055428031620000BBMPTREESENSU0000,8,15145,77.57016439999998,13.051068,0.0
,,,,,,-1,0,-1,,,613997,Couroupita Guianensis Abul.,GN7540XC7HBK001,613997,29572055428031620000BBMPTREESENSU0000,8,15145,77.5702294,13.051313,0.0
,,,,,,-1,0,-1,,,615080,Couroupita Guianensis Abul.,GN7540YG2FYL001,615080,29572055428031620000BBMPTREESENSU0000,8,15413,77.5746294,13.055029,0.0
,,,,,,-1,0,-1,,,616035,Couroupita Guianensis Abul.,GN7540YG3PHP001,616035,29572055428031620000BBMPTREESENSU0000,8,15413,77.5754804,13.055275,0.0
,,,,,,-1,0,-1,,,616603,Couroupita Guianensis Abul.,GN7540YH1STG002,616603,29572055428031620000BBMPTREESENSU0000,8,15413,77.57426139999998,13.056244,0.0
,,,,,,-1,0,-1,,,616614,Couroupita Guianensis Abul.,GN7540YH2LVD001,616614,29572055428031620000BBMPTREESENSU0000,8,15413,77.57471739999998,13.056094,0.0
,,,,,,-1,0,-1,,,616663,Couroupita Guianensis Abul.,GN7540YH3AWO001,616663,29572055428031620000BBMPTREESENSU0000,8,15413,77.5754764,13.055749,0.0
,,,,,,-1,0,-1,,,616685,Couroupita Guianensis Abul.,GN7540YH2ONA001,616685,29572055428031620000BBMPTREESENSU0000,8,15413,77.57531439999998,13.056008,0.0
,,,,,,-1,0,-1,,,616690,Couroupita Guianensis Abul.,GN7540YH2TTL001,616690,29572055428031620000BBMPTREESENSU0000,8,15413,77.57537639999998,13.056245,0.0
,,,,,,-1,0,-1,,,617094,Couroupita Guianensis Abul.,GN7540YE2DXP024,617094,29572055428031620000BBMPTREESENSU0000,8,15413,77.5751204,13.053042,0.0
,,,,,,-1,0,-1,,,618637,Couroupita Guianensis Abul.,GN7545EC7XBN001,618637,29572055428031620000BBMPTREESENSU0000,8,15397,77.5797174,13.060803,0.0
,,,,,,-1,0,-1,,,620261,Couroupita Guianensis Abul.,GN8045AC0IUC001,620261,29572055428031620000BBMPTREESENSU0000,8,15397,77.5824494,13.060352,0.0
,,,,,,-1,0,-1,,,620871,Couroupita Guianensis Abul.,GN7540YJ7HCC001,620871,29572055428031620000BBMPTREESENSU0000,8,15413,77.5795454,13.057525,0.0
,,,,,,-1,0,-1,,,622443,Couroupita Guianensis Abul.,GN8040UJ6AMJ001,622443,29572055428031620000BBMPTREESENSU0000,8,15413,77.5874604,13.057352,0.0
,,,,,,-1,0,-1,,,622905,Couroupita Guianensis Abul.,GN7545EF9DMP001,622905,29572055428031620000BBMPTREESENSU0000,8,15397,77.5816434,13.062843,0.0
,,,,,,-1,0,-1,,,622995,Couroupita Guianensis Abul.,GN7545EG8DIM026,622995,29572055428031620000BBMPTREESENSU0000,8,15397,77.5807364,13.063722,0.0
,,,,,,-1,0,-1,,,623001,Couroupita Guianensis Abul.,GN7545EG8DIM027,623001,29572055428031620000BBMPTREESENSU0000,8,15397,77.5807364,13.063722,0.0
,,,,,,-1,0,-1,,,623058,Couroupita Guianensis Abul.,GN7545EG8DIM036,623058,29572055428031620000BBMPTREESENSU0000,8,15397,77.5807364,13.063722,0.0
,,,,,,-1,0,-1,,,623061,Couroupita Guianensis Abul.,GN7545EG8JJN001,623061,29572055428031620000BBMPTREESENSU0000,8,15397,77.58097139999998,13.063894,0.0
,,,,,,-1,0,-1,,,623070,Couroupita Guianensis Abul.,GN7545EG9FEE001,623070,29572055428031620000BBMPTREESENSU0000,8,15397,77.58114039999998,13.063839,0.0
,,,,,,-1,0,-1,,,623087,Couroupita Guianensis Abul.,GN7545EG8DIM041,623087,29572055428031620000BBMPTREESENSU0000,8,15397,77.5807364,13.063722,0.0
,,,,,,-1,0,-1,,,623651,Couroupita Guianensis Abul.,GN7545EG8NTO001,623651,29572055428031620000BBMPTREESENSU0000,8,15397,77.5807944,13.06415,0.0
,,,,,,-1,0,-1,,,623746,Couroupita Guianensis Abul.,GN8040UI5OMB002,623746,29572055428031620000BBMPTREESENSU0000,8,15413,77.5872684,13.056792,0.0
,,,,,,-1,0,-1,,,624364,Couroupita Guianensis Abul.,GN8045AF2IFA001,624364,29572055428031620000BBMPTREESENSU0000,8,15397,77.58430439999998,13.062935,0.0
,,,,,,-1,0,-1,,,624365,Couroupita Guianensis Abul.,GN8045AF2AOP001,624365,29572055428031620000BBMPTREESENSU0000,8,15397,77.5839254,13.062822,0.0
,,,,,,-1,0,-1,,,624445,Couroupita Guianensis Abul.,GN8045AD5CRE013,624445,29572055428031620000BBMPTREESENSU0000,8,15392,77.5869344,13.061004,0.0
,,,,,,-1,0,-1,,,624551,Couroupita Guianensis Abul.,GN8045AE2MEB001,624551,29572055428031620000BBMPTREESENSU0000,8,15397,77.5842674,13.062177,0.0
,,,,,,-1,0,-1,,,624562,Couroupita Guianensis Abul.,GN8045AE2SGL001,624562,29572055428031620000BBMPTREESENSU0000,8,15397,77.58436039999998,13.062405,0.0
,,,,,,-1,0,-1,,,624566,Couroupita Guianensis Abul.,GN8045AE2YNF001,624566,29572055428031620000BBMPTREESENSU0000,8,15397,77.5846034,13.062609,0.0
,,,,,,-1,0,-1,,,624569,Couroupita Guianensis Abul.,GN8045AE2XJF001,624569,29572055428031620000BBMPTREESENSU0000,8,15397,77.5844524,13.062582,0.0
,,,,,,-1,0,-1,,,624572,Couroupita Guianensis Abul.,GN8045AE2YCO001,624572,29572055428031620000BBMPTREESENSU0000,8,15397,77.5845724,13.062563,0.0
,,,,,,-1,0,-1,,,624576,Couroupita Guianensis Abul.,GN8045AF3AAJ001,624576,29572055428031620000BBMPTREESENSU0000,8,15397,77.5846784,13.062728,0.0
,,,,,,-1,0,-1,,,624579,Couroupita Guianensis Abul.,GN8045AE3UWN001,624579,29572055428031620000BBMPTREESENSU0000,8,15397,77.5847494,13.062698,0.0
,,,,,,-1,0,-1,,,624657,Couroupita Guianensis Abul.,GN8045AE2FAK001,624657,29572055428031620000BBMPTREESENSU0000,8,15397,77.5837594,13.062018,0.0
,,,,,,-1,0,-1,,,624668,Couroupita Guianensis Abul.,GN8045AE1JDB001,624668,29572055428031620000BBMPTREESENSU0000,8,15397,77.5836804,13.061995,0.0
,,,,,,-1,0,-1,,,624690,Couroupita Guianensis Abul.,GN8045AE2KPM001,624690,29572055428031620000BBMPTREESENSU0000,8,15397,77.5837424,13.062313,0.0
,,,,,,-1,0,-1,,,624829,Couroupita Guianensis Abul.,GN8045AD4FAL054,624829,29572055428031620000BBMPTREESENSU0000,8,15392,77.58560439999998,13.061099,0.0
,,,,,,-1,0,-1,,,625686,Couroupita Guianensis Abul.,GN8045AE4XEL001,625686,29572055428031620000BBMPTREESENSU0000,8,15392,77.5863214,13.062532,0.0
,,,,,,-1,0,-1,,,625773,Couroupita Guianensis Abul.,GN8045AE5GAP001,625773,29572055428031620000BBMPTREESENSU0000,8,15392,77.5867144,13.061998,0.0
,,,,,,-1,0,-1,,,625787,Couroupita Guianensis Abul.,GN8045AD5PUG001,625787,29572055428031620000BBMPTREESENSU0000,8,15392,77.58652139999998,13.061579,0.0
,,,,,,-1,0,-1,,,631320,Couroupita Guianensis Abul.,GN8040WC7JAL006,631320,29572055428031620000BBMPTREESENSU0000,7,15371,77.60742949999998,13.0509341,0.0
,,,,,,-1,0,-1,,,632338,Couroupita Guianensis Abul.,GN8040RJ6XVP001,632338,29572055428031620000BBMPTREESENSU0000,7,15371,77.6063345,13.0489371,0.0
,,,,,,-1,0,-1,,,633464,Couroupita Guianensis Abul.,GN8040PC9YFH001,633464,29572055428031620000BBMPTREESENSU0000,7,15112,77.5907504,13.042641,0.0
,,,,,,-1,0,-1,,,633467,Couroupita Guianensis Abul.,GN8040QD0QFL001,633467,29572055428031620000BBMPTREESENSU0000,7,15112,77.5911284,13.043368,0.0
,,,,,,-1,0,-1,,,633472,Couroupita Guianensis Abul.,GN8040QE0DUP001,633472,29572055428031620000BBMPTREESENSU0000,7,15112,77.59150839999998,13.043843,0.0
,,,,,,-1,0,-1,,,633491,Couroupita Guianensis Abul.,GN8040QD0WKA003,633491,29572055428031620000BBMPTREESENSU0000,7,15112,77.59128839999998,13.043565,0.0
,,,,,,-1,0,-1,,,633495,Couroupita Guianensis Abul.,GN8040QD0CPO001,633495,29572055428031620000BBMPTREESENSU0000,7,15112,77.5913014,13.04291,0.0
,,,,,,-1,0,-1,,,633549,Couroupita Guianensis Abul.,GN8040QD0WKA011,633549,29572055428031620000BBMPTREESENSU0000,7,15112,77.59128839999998,13.043565,0.0
,,,,,,-1,0,-1,,,633599,Couroupita Guianensis Abul.,GN8040QE0NUB001,633599,29572055428031620000BBMPTREESENSU0000,7,15112,77.5914904,13.044174,0.0
,,,,,,-1,0,-1,,,633667,Couroupita Guianensis Abul.,GN8040QD0CPO019,633667,29572055428031620000BBMPTREESENSU0000,7,15112,77.5913014,13.04291,0.0
,,,,,,-1,0,-1,,,633686,Couroupita Guianensis Abul.,GN8040QE0NHH001,633686,29572055428031620000BBMPTREESENSU0000,7,15112,77.59158239999998,13.04408,0.0
,,,,,,-1,0,-1,,,633792,Couroupita Guianensis Abul.,GN8040QD0CPO030,633792,29572055428031620000BBMPTREESENSU0000,7,15112,77.5913014,13.04291,0.0
,,,,,,-1,0,-1,,,633990,Couroupita Guianensis Abul.,GN8040QD1QAB008,633990,29572055428031620000BBMPTREESENSU0000,7,15112,77.5920304,13.043306,0.0
,,,,,,-1,0,-1,,,634226,Couroupita Guianensis Abul.,GN8040QD1EWP005,634226,29572055428031620000BBMPTREESENSU0000,7,15112,77.5926774,13.042928,0.0
,,,,,,-1,0,-1,,,634501,Couroupita Guianensis Abul.,GN8040QD1EWP039,634501,29572055428031620000BBMPTREESENSU0000,7,15112,77.5926774,13.042928,0.0
,,,,,,-1,0,-1,,,634575,Couroupita Guianensis Abul.,GN8040QD2KNM001,634575,29572055428031620000BBMPTREESENSU0000,7,15112,77.5928674,13.043214,0.0
,,,,,,-1,0,-1,,,635698,Couroupita Guianensis Abul.,GN7545IH6OED001,635698,29572055428031620000BBMPTREESENSU0000,9,15436,77.5700364,13.074063,0.0
,,,,,,-1,0,-1,,,638806,Couroupita Guianensis Abul.,GN8045GC7VGP001,638806,29572055428031620000BBMPTREESENSU0000,7,15390,77.59789739999998,13.069687,0.0
,,,,,,-1,0,-1,,,638838,Couroupita Guianensis Abul.,GN8045GC7KHJ001,638838,29572055428031620000BBMPTREESENSU0000,7,15390,77.5977234,13.069321,0.0
,,,,,,-1,0,-1,,,642960,Couroupita Guianensis Abul.,GN8045AA8VYN001,642960,29572055428031620000BBMPTREESENSU0000,7,15392,77.5895844,13.059039,0.0
,,,,,,-1,0,-1,,,643237,Couroupita Guianensis Abul.,GN8045AH5KLN001,643237,29572055428031620000BBMPTREESENSU0000,7,15392,77.5865804,13.064965,0.0
,,,,,,-1,0,-1,,,643604,Couroupita Guianensis Abul.,GN8045AI3SJP005,643604,29572055428031620000BBMPTREESENSU0000,7,15392,77.5854334,13.066024,0.0
,,,,,,-1,0,-1,,,648482,Couroupita Guianensis Abul.,GN8545AC6GVJ001,648482,29572055428031620000BBMPTREESENSU0000,6,21431,77.6337115,13.0598462,0.0
,,,,,,-1,0,-1,,,649003,Couroupita Guianensis Abul.,GN8545AD3ABF013,649003,29572055428031620000BBMPTREESENSU0000,6,21431,77.63077049999998,13.0604452,0.0
,,,,,,-1,0,-1,,,649216,Couroupita Guianensis Abul.,GN8045EJ6KXK003,649216,29572055428031620000BBMPTREESENSU0000,6,21425,77.62446649999998,13.0664471,0.0
,,,,,,-1,0,-1,,,649240,Couroupita Guianensis Abul.,GN8045EJ5OXC012,649240,29572055428031620000BBMPTREESENSU0000,6,21425,77.6242795,13.0664291,0.0
,,,,,,-1,0,-1,,,649245,Couroupita Guianensis Abul.,GN8045EJ5OXC014,649245,29572055428031620000BBMPTREESENSU0000,6,21425,77.6242795,13.0664291,0.0
,,,,,,-1,0,-1,,,649250,Couroupita Guianensis Abul.,GN8045EJ5OXC016,649250,29572055428031620000BBMPTREESENSU0000,6,21425,77.6242795,13.0664291,0.0
,,,,,,-1,0,-1,,,649748,Couroupita Guianensis Abul.,GN8045EF5DNH009,649748,29572055428031620000BBMPTREESENSU0000,6,21425,77.6240655,13.0623941,0.0
,,,,,,-1,0,-1,,,649823,Couroupita Guianensis Abul.,GN8045EB7UIB010,649823,29572055428031620000BBMPTREESENSU0000,6,21425,77.6253015,13.0594491,0.0
,,,,,,-1,0,-1,,,650411,Couroupita Guianensis Abul.,GN8540UD9OYO001,650411,29572055428031620000BBMPTREESENSU0000,6,21431,77.6370615,13.0518752,0.0
,,,,,,-1,0,-1,,,650440,Couroupita Guianensis Abul.,GN8540VD0FDO001,650440,29572055428031620000BBMPTREESENSU0000,6,21431,77.6372075,13.0515462,0.0
,,,,,,-1,0,-1,,,651473,Couroupita Guianensis Abul.,GN8040TE4CPG001,651473,29572055428031620000BBMPTREESENSU0000,6,15146,77.6226405,13.0434731,0.0
,,,,,,-1,0,-1,,,652492,Couroupita Guianensis Abul.,GN8040YH1RNJ001,652492,29572055428031620000BBMPTREESENSU0000,6,21425,77.62009849999998,13.0557571,0.0
,,,,,,-1,0,-1,,,652848,Couroupita Guianensis Abul.,GN8040YG2BTG001,652848,29572055428031620000BBMPTREESENSU0000,6,21425,77.62087049999998,13.0543311,0.0
,,,,,,-1,0,-1,,,657150,Couroupita Guianensis Abul.,GN8045IA8VBL014,657150,29572055428031620000BBMPTREESENSU0000,5,15404,77.61722249999998,13.0676391,0.0
,,,,,,-1,0,-1,,,657303,Couroupita Guianensis Abul.,GN8045IA8VEJ004,657303,29572055428031620000BBMPTREESENSU0000,5,15404,77.6173145,13.0676411,0.0
,,,,,,-1,0,-1,,,663472,Couroupita Guianensis Abul.,GN7045IG6AIE007,663472,29572055428031620000BBMPTREESENSU0000,12,15449,77.5231433,13.0733058,0.0
,,,,,,-1,0,-1,,,666740,Couroupita Guianensis Abul.,GN7045DI5MGM004,666740,29572055428031620000BBMPTREESENSU0000,12,15467,77.5224503,13.0664628,0.0
,,,,,,-1,0,-1,,,666741,Couroupita Guianensis Abul.,GN7045DI5MGM005,666741,29572055428031620000BBMPTREESENSU0000,12,15467,77.5224503,13.0664628,0.0
,,,,,,-1,0,-1,,,666758,Couroupita Guianensis Abul.,GN7045DI5MGM010,666758,29572055428031620000BBMPTREESENSU0000,12,15467,77.5224503,13.0664628,0.0
,,,,,,-1,0,-1,,,666762,Couroupita Guianensis Abul.,GN7045DI5MGM011,666762,29572055428031620000BBMPTREESENSU0000,12,15467,77.5224503,13.0664628,0.0
,,,,,,-1,0,-1,,,666764,Couroupita Guianensis Abul.,GN7045DI5MGM012,666764,29572055428031620000BBMPTREESENSU0000,12,15467,77.5224503,13.0664628,0.0
,,,,,,-1,0,-1,,,666766,Couroupita Guianensis Abul.,GN7045DI5MGM013,666766,29572055428031620000BBMPTREESENSU0000,12,15467,77.5224503,13.0664628,0.0
,,,,,,-1,0,-1,,,666767,Couroupita Guianensis Abul.,GN7045DI4UYN024,666767,29572055428031620000BBMPTREESENSU0000,12,15467,77.52128329999998,13.0669418,0.0
,,,,,,-1,0,-1,,,666783,Couroupita Guianensis Abul.,GN7045DI5MGM017,666783,29572055428031620000BBMPTREESENSU0000,12,15467,77.5224503,13.0664628,0.0
,,,,,,-1,0,-1,,,666804,Couroupita Guianensis Abul.,GN7045DI5MDI001,666804,29572055428031620000BBMPTREESENSU0000,12,15467,77.52252029999998,13.0664118,0.0
,,,,,,-1,0,-1,,,666810,Couroupita Guianensis Abul.,GN7045DI5IKF001,666810,29572055428031620000BBMPTREESENSU0000,12,15467,77.5226033,13.0662948,0.0
,,,,,,-1,0,-1,,,666851,Couroupita Guianensis Abul.,GN7045DI5MGM031,666851,29572055428031620000BBMPTREESENSU0000,12,15467,77.5224503,13.0664628,0.0
,,,,,,-1,0,-1,,,668308,Couroupita Guianensis Abul.,GN7045DI5CAA002,668308,29572055428031620000BBMPTREESENSU0000,12,15467,77.5224073,13.0660368,0.0
,,,,,,-1,0,-1,,,673899,Couroupita Guianensis Abul.,GN7045CG6DIG019,673899,29572055428031620000BBMPTREESENSU0000,12,15467,77.5144092,13.0643578,0.0
,,,,,,-1,0,-1,,,673903,Couroupita Guianensis Abul.,GN7045CG6DIG021,673903,29572055428031620000BBMPTREESENSU0000,12,15467,77.5144092,13.0643578,0.0
,,,,,,-1,0,-1,,,673938,Couroupita Guianensis Abul.,GN7045CG6TJN038,673938,29572055428031620000BBMPTREESENSU0000,12,15467,77.5146222,13.0649098,0.0
,,,,,,-1,0,-1,,,673957,Couroupita Guianensis Abul.,GN7045CG6TJN045,673957,29572055428031620000BBMPTREESENSU0000,12,15467,77.5146222,13.0649098,0.0
,,,,,,-1,0,-1,,,673982,Couroupita Guianensis Abul.,GN7045CG6CPE003,673982,29572055428031620000BBMPTREESENSU0000,12,15467,77.5140942,13.0644278,0.0
,,,,,,-1,0,-1,,,677106,Couroupita Guianensis Abul.,GN7045BI7EOI001,677106,29572055428031620000BBMPTREESENSU0000,12,15452,77.5063312,13.0662877,0.0
,,,,,,-1,0,-1,,,677650,Couroupita Guianensis Abul.,GN7550DJ2PEG002,677650,29572055428031620000BBMPTREESENSU0000,3,15391,77.56599129999998,13.1122399,0.0
,,,,,,-1,0,-1,,,679471,Couroupita Guianensis Abul.,GN7045JE2IBL003,679471,29572055428031620000BBMPTREESENSU0000,12,15449,77.5291593,13.0715878,0.0
,,,,,,-1,0,-1,,,679617,Couroupita Guianensis Abul.,GN7045JE2KJP020,679617,29572055428031620000BBMPTREESENSU0000,12,15449,77.52871829999998,13.0718238,0.0
,,,,,,-1,0,-1,,,679626,Couroupita Guianensis Abul.,GN7045JE2KJP022,679626,29572055428031620000BBMPTREESENSU0000,12,15449,77.52871829999998,13.0718238,0.0
,,,,,,-1,0,-1,,,679628,Couroupita Guianensis Abul.,GN7045JE2KJP023,679628,29572055428031620000BBMPTREESENSU0000,12,15449,77.52871829999998,13.0718238,0.0
,,,,,,-1,0,-1,,,679664,Couroupita Guianensis Abul.,GN7045JD2PSP003,679664,29572055428031620000BBMPTREESENSU0000,12,15449,77.5286803,13.0711728,0.0
,,,,,,-1,0,-1,,,679677,Couroupita Guianensis Abul.,GN7045JD2PSP006,679677,29572055428031620000BBMPTREESENSU0000,12,15449,77.5286803,13.0711728,0.0
,,,,,,-1,0,-1,,,682607,Couroupita Guianensis Abul.,GN7045EJ6CFJ001,682607,29572055428031620000BBMPTREESENSU0000,12,15463,77.5325613,13.0668938,0.0
,,,,,,-1,0,-1,,,682630,Couroupita Guianensis Abul.,GN7045EI6MUA001,682630,29572055428031620000BBMPTREESENSU0000,12,15463,77.5325473,13.0664448,0.0
,,,,,,-1,0,-1,,,682636,Couroupita Guianensis Abul.,GN7045JA6HQA016,682636,29572055428031620000BBMPTREESENSU0000,12,15463,77.53259629999998,13.0680328,0.0
,,,,,,-1,0,-1,,,682645,Couroupita Guianensis Abul.,GN7045EI6LYK001,682645,29572055428031620000BBMPTREESENSU0000,12,15463,77.5325273,13.0664638,0.0
,,,,,,-1,0,-1,,,682793,Couroupita Guianensis Abul.,GN7045JA7AJJ007,682793,29572055428031620000BBMPTREESENSU0000,12,15463,77.5332693,13.0677898,0.0
,,,,,,-1,0,-1,,,682795,Couroupita Guianensis Abul.,GN7045JA7AJJ008,682795,29572055428031620000BBMPTREESENSU0000,12,15463,77.5332693,13.0677898,0.0
,,,,,,-1,0,-1,,,682922,Couroupita Guianensis Abul.,GN7045EI7SRB001,682922,29572055428031620000BBMPTREESENSU0000,12,15463,77.53373929999998,13.0665788,0.0
,,,,,,-1,0,-1,,,684250,Couroupita Guianensis Abul.,GN8050JE3NOM001,684250,29572055428031620000BBMPTREESENSU0000,5,15347,77.6227975,13.1160921,0.0
,,,,,,-1,0,-1,,,684623,Couroupita Guianensis Abul.,GN7045CC3CHB011,684623,29572055428031620000BBMPTREESENSU0000,12,15465,77.5113762,13.0607628,0.0
,,,,,,-1,0,-1,,,685602,Couroupita Guianensis Abul.,GN7045CB8MEO001,685602,29572055428031620000BBMPTREESENSU0000,13,15465,77.5160602,13.0601648,0.0
,,,,,,-1,0,-1,,,685663,Couroupita Guianensis Abul.,GN7045CB8CTP011,685663,29572055428031620000BBMPTREESENSU0000,13,15465,77.5160692,13.0599068,0.0
,,,,,,-1,0,-1,,,685686,Couroupita Guianensis Abul.,GN7045CB8CTP014,685686,29572055428031620000BBMPTREESENSU0000,13,15465,77.5160692,13.0599068,0.0
,,,,,,-1,0,-1,,,685862,Couroupita Guianensis Abul.,GN7040WJ9CLD001,685862,29572055428031620000BBMPTREESENSU0000,13,15465,77.51685829999998,13.0580318,0.0
,,,,,,-1,0,-1,,,685958,Couroupita Guianensis Abul.,GN7040WJ8IGF001,685958,29572055428031620000BBMPTREESENSU0000,13,15465,77.5161013,13.0581938,0.0
,,,,,,-1,0,-1,,,687434,Couroupita Guianensis Abul.,GN7040WH5DRL001,687434,29572055428031620000BBMPTREESENSU0000,13,15465,77.5133752,13.0563138,0.0
,,,,,,-1,0,-1,,,687575,Couroupita Guianensis Abul.,GN7040WI5CMP008,687575,29572055428031620000BBMPTREESENSU0000,13,15465,77.5131982,13.0571928,0.0
,,,,,,-1,0,-1,,,687915,Couroupita Guianensis Abul.,GN7040WD1OUB001,687915,29572055428031620000BBMPTREESENSU0000,14,15465,77.5097482,13.0531148,0.0
,,,,,,-1,0,-1,,,688307,Couroupita Guianensis Abul.,GN7045BA8COF012,688307,29572055428031620000BBMPTREESENSU0000,14,15450,77.5068282,13.0590457,0.0
,,,,,,-1,0,-1,,,688721,Couroupita Guianensis Abul.,GN7045BD5ARC001,688721,29572055428031620000BBMPTREESENSU0000,14,15450,77.5036532,13.0618137,0.0
,,,,,,-1,0,-1,,,688890,Couroupita Guianensis Abul.,GN7045BB3HKE012,688890,29572055428031620000BBMPTREESENSU0000,14,15450,77.50207419999998,13.0601727,0.0
,,,,,,-1,0,-1,,,689042,Couroupita Guianensis Abul.,GN7045BE2OEF022,689042,29572055428031620000BBMPTREESENSU0000,14,15450,77.50170319999998,13.0629977,0.0
,,,,,,-1,0,-1,,,689308,Couroupita Guianensis Abul.,GN7045BA1YWP001,689308,29572055428031620000BBMPTREESENSU0000,14,15450,77.5006942,13.0599157,0.0
,,,,,,-1,0,-1,,,689310,Couroupita Guianensis Abul.,GN7045BA1YWP002,689310,29572055428031620000BBMPTREESENSU0000,14,15450,77.5006942,13.0599157,0.0
,,,,,,-1,0,-1,,,689413,Couroupita Guianensis Abul.,GN7045BB1LOK006,689413,29572055428031620000BBMPTREESENSU0000,14,15450,77.5002152,13.0603767,0.0
,,,,,,-1,0,-1,,,689421,Couroupita Guianensis Abul.,GN7045BB1LOK008,689421,29572055428031620000BBMPTREESENSU0000,14,15450,77.5002152,13.0603767,0.0
,,,,,,-1,0,-1,,,689940,Couroupita Guianensis Abul.,GN7045BA1PAD012,689940,29572055428031620000BBMPTREESENSU0000,14,15450,77.49988419999998,13.0595727,0.0
,,,,,,-1,0,-1,,,689944,Couroupita Guianensis Abul.,GN7045BA1PAD014,689944,29572055428031620000BBMPTREESENSU0000,14,15450,77.49988419999998,13.0595727,0.0
,,,,,,-1,0,-1,,,690134,Couroupita Guianensis Abul.,GN7040UI7WGD001,690134,29572055428031620000BBMPTREESENSU0000,14,15450,77.4965892,13.0580147,0.0
,,,,,,-1,0,-1,,,690471,Couroupita Guianensis Abul.,GN7040VI0TSO001,690471,29572055428031620000BBMPTREESENSU0000,14,15450,77.4997852,13.0579017,0.0
,,,,,,-1,0,-1,,,691752,Couroupita Guianensis Abul.,GN7045FB4HLP001,691752,29572055428031620000BBMPTREESENSU0000,14,15495,77.4939372,13.0693087,0.0
,,,,,,-1,0,-1,,,691765,Couroupita Guianensis Abul.,GN7045FB4DPC001,691765,29572055428031620000BBMPTREESENSU0000,14,15495,77.4940722,13.0691347,0.0
,,,,,,-1,0,-1,,,691774,Couroupita Guianensis Abul.,GN7045FB4DDI001,691774,29572055428031620000BBMPTREESENSU0000,14,15495,77.4941632,13.0690437,0.0
,,,,,,-1,0,-1,,,691787,Couroupita Guianensis Abul.,GN7045FB4HSE001,691787,29572055428031620000BBMPTREESENSU0000,14,15495,77.49397519999998,13.0693187,0.0
,,,,,,-1,0,-1,,,691800,Couroupita Guianensis Abul.,GN7045FB4IIC001,691800,29572055428031620000BBMPTREESENSU0000,14,15495,77.4941852,13.0692387,0.0
,,,,,,-1,0,-1,,,691856,Couroupita Guianensis Abul.,GN7045FB4XVE001,691856,29572055428031620000BBMPTREESENSU0000,14,15495,77.4940942,13.0699037,0.0
,,,,,,-1,0,-1,,,691857,Couroupita Guianensis Abul.,GN7045FC4DLC001,691857,29572055428031620000BBMPTREESENSU0000,14,15495,77.4941142,13.0699957,0.0
,,,,,,-1,0,-1,,,692935,Couroupita Guianensis Abul.,GN7045BH1YCB014,692935,29572055428031620000BBMPTREESENSU0000,14,15495,77.5007362,13.0660637,0.0
,,,,,,-1,0,-1,,,693433,Couroupita Guianensis Abul.,GN7045GA3BAC004,693433,29572055428031620000BBMPTREESENSU0000,14,15495,77.5019872,13.0680437,0.0
,,,,,,-1,0,-1,,,694437,Couroupita Guianensis Abul.,GN9035AB5HDH001,694437,29572055428031620000BBMPTREESENSU0000,81,21433,77.67814869999998,12.9680013,0.0
,,,,,,-1,0,-1,,,694579,Couroupita Guianensis Abul.,GN9035AA5RMO001,694579,29572055428031620000BBMPTREESENSU0000,81,21433,77.67810369999998,12.9675483,0.0
,,,,,,-1,0,-1,,,694659,Couroupita Guianensis Abul.,GN9035AC8BBB006,694659,29572055428031620000BBMPTREESENSU0000,81,21433,77.68064769999998,12.9686893,0.0
,,,,,,-1,0,-1,,,694705,Couroupita Guianensis Abul.,GN9035AC8EHA012,694705,29572055428031620000BBMPTREESENSU0000,81,21433,77.6812287,12.9687133,0.0
,,,,,,-1,0,-1,,,694716,Couroupita Guianensis Abul.,GN9035AC9IGB001,694716,29572055428031620000BBMPTREESENSU0000,81,21433,77.68194169999998,12.9688933,0.0
,,,,,,-1,0,-1,,,695490,Couroupita Guianensis Abul.,GN9035BC2HPD001,695490,29572055428031620000BBMPTREESENSU0000,81,21433,77.68449769999998,12.9689393,0.0
,,,,,,-1,0,-1,,,695866,Couroupita Guianensis Abul.,GN9035AD1MJE001,695866,29572055428031620000BBMPTREESENSU0000,81,21433,77.6744977,12.9700553,0.0
,,,,,,-1,0,-1,,,695979,Couroupita Guianensis Abul.,GN9535LB2XUC001,695979,29572055428031620000BBMPTREESENSU0000,82,21397,77.7309218,12.9861915,0.0
,,,,,,-1,0,-1,,,695999,Couroupita Guianensis Abul.,GN9535LB2QVL001,695999,29572055428031620000BBMPTREESENSU0000,82,21397,77.7305948,12.9860375,0.0
,,,,,,-1,0,-1,,,696004,Couroupita Guianensis Abul.,GN9535LB2QKA001,696004,29572055428031620000BBMPTREESENSU0000,82,21397,77.73052579999998,12.9859415,0.0
,,,,,,-1,0,-1,,,696093,Couroupita Guianensis Abul.,GN9535GI0FHO001,696093,29572055428031620000BBMPTREESENSU0000,82,21397,77.7285598,12.9828845,0.0
,,,,,,-1,0,-1,,,696178,Couroupita Guianensis Abul.,GN9535FD9KIJ001,696178,29572055428031620000BBMPTREESENSU0000,82,21397,77.7276238,12.9785495,0.0
,,,,,,-1,0,-1,,,696965,Couroupita Guianensis Abul.,GN7040UG2NLB049,696965,29572055428031620000BBMPTREESENSU0000,14,15450,77.4921192,13.0559257,0.0
,,,,,,-1,0,-1,,,696967,Couroupita Guianensis Abul.,GN7040UG2NLB050,696967,29572055428031620000BBMPTREESENSU0000,14,15450,77.4921192,13.0559257,0.0
,,,,,,-1,0,-1,,,697448,Couroupita Guianensis Abul.,GN7040UC7EIA017,697448,29572055428031620000BBMPTREESENSU0000,14,15450,77.4969392,13.0518637,0.0
,,,,,,-1,0,-1,,,698096,Couroupita Guianensis Abul.,GN7040QH5NRE001,698096,29572055428031620000BBMPTREESENSU0000,14,15489,77.50405019999998,13.0477177,0.0
,,,,,,-1,0,-1,,,698780,Couroupita Guianensis Abul.,GN7040VE8DPC001,698780,29572055428031620000BBMPTREESENSU0000,14,15450,77.5068172,13.0536517,0.0
,,,,,,-1,0,-1,,,699122,Couroupita Guianensis Abul.,GN7040QG8FLC001,699122,29572055428031620000BBMPTREESENSU0000,14,15454,77.5062322,13.0465757,0.0
,,,,,,-1,0,-1,,,700011,Couroupita Guianensis Abul.,GN7540LF8PJB001,700011,29572055428031620000BBMPTREESENSU0000,17,15469,77.55230229999998,13.0365099,0.0
,,,,,,-1,0,-1,,,700030,Couroupita Guianensis Abul.,GN7540LF8LQC001,700030,29572055428031620000BBMPTREESENSU0000,17,15469,77.5523883,13.0363989,0.0
,,,,,,-1,0,-1,,,700032,Couroupita Guianensis Abul.,GN7540LF8LUD001,700032,29572055428031620000BBMPTREESENSU0000,17,15469,77.5523613,13.0364359,0.0
,,,,,,-1,0,-1,,,700048,Couroupita Guianensis Abul.,GN7540LF8LTA001,700048,29572055428031620000BBMPTREESENSU0000,17,15469,77.5524773,13.0364009,0.0
,,,,,,-1,0,-1,,,700054,Couroupita Guianensis Abul.,GN7540LF8LSA001,700054,29572055428031620000BBMPTREESENSU0000,17,15469,77.55244329999998,13.0364009,0.0
,,,,,,-1,0,-1,,,700060,Couroupita Guianensis Abul.,GN7540LF8POK001,700060,29572055428031620000BBMPTREESENSU0000,17,15469,77.5523113,13.0365629,0.0
,,,,,,-1,0,-1,,,700157,Couroupita Guianensis Abul.,GN7540LF8RCM001,700157,29572055428031620000BBMPTREESENSU0000,17,15469,77.55258929999998,13.0364949,0.0
,,,,,,-1,0,-1,,,700162,Couroupita Guianensis Abul.,GN7540LF8MPH001,700162,29572055428031620000BBMPTREESENSU0000,17,15469,77.55254329999998,13.0364039,0.0
,,,,,,-1,0,-1,,,700179,Couroupita Guianensis Abul.,GN7540LF8WKH001,700179,29572055428031620000BBMPTREESENSU0000,17,15469,77.5525423,13.0367279,0.0
,,,,,,-1,0,-1,,,700216,Couroupita Guianensis Abul.,GN7540LF8LNH001,700216,29572055428031620000BBMPTREESENSU0000,17,15469,77.55247129999998,13.0363669,0.0
,,,,,,-1,0,-1,,,700270,Couroupita Guianensis Abul.,GN7540LG8GWD011,700270,29572055428031620000BBMPTREESENSU0000,17,15469,77.55244229999998,13.0371549,0.0
,,,,,,-1,0,-1,,,700340,Couroupita Guianensis Abul.,GN7540LG7GIC001,700340,29572055428031620000BBMPTREESENSU0000,17,15469,77.55154829999998,13.0370619,0.0
,,,,,,-1,0,-1,,,701850,Couroupita Guianensis Abul.,GN7540LD4VGK012,701850,29572055428031620000BBMPTREESENSU0000,17,15499,77.5486813,13.0349329,0.0
,,,,,,-1,0,-1,,,701922,Couroupita Guianensis Abul.,GN7540LE4CFE013,701922,29572055428031620000BBMPTREESENSU0000,17,15499,77.5488133,13.0351099,0.0
,,,,,,-1,0,-1,,,703137,Couroupita Guianensis Abul.,GN9535HC3UIH001,703137,29572055428031620000BBMPTREESENSU0000,82,21403,77.74052779999998,12.9778635,0.0
,,,,,,-1,0,-1,,,703138,Couroupita Guianensis Abul.,GN9535HC3SUC001,703138,29572055428031620000BBMPTREESENSU0000,82,21403,77.74096179999998,12.9777785,0.0
,,,,,,-1,0,-1,,,704346,Couroupita Guianensis Abul.,GN9035OJ7KNL002,704346,29572055428031620000BBMPTREESENSU0000,54,21397,77.71674779999998,12.9931555,0.0
,,,,,,-1,0,-1,,,704353,Couroupita Guianensis Abul.,GN9035OJ7FLO001,704353,29572055428031620000BBMPTREESENSU0000,54,21397,77.7166608,12.9929834,0.0
,,,,,,-1,0,-1,,,704367,Couroupita Guianensis Abul.,GN9035OJ7QFN001,704367,29572055428031620000BBMPTREESENSU0000,54,21397,77.71679779999998,12.9933034,0.0
,,,,,,-1,0,-1,,,704373,Couroupita Guianensis Abul.,GN9035OJ6OOF002,704373,29572055428031620000BBMPTREESENSU0000,54,21397,77.7165798,12.9931484,0.0
,,,,,,-1,0,-1,,,705434,Couroupita Guianensis Abul.,GN7540LB5AVM001,705434,29572055428031620000BBMPTREESENSU0000,17,15480,77.54938129999998,13.0325169,0.0
,,,,,,-1,0,-1,,,706461,Couroupita Guianensis Abul.,GN7540LD7KEA001,706461,29572055428031620000BBMPTREESENSU0000,17,15469,77.5513543,13.0344979,0.0
,,,,,,-1,0,-1,,,706468,Couroupita Guianensis Abul.,GN7540LD7GLK001,706468,29572055428031620000BBMPTREESENSU0000,17,15469,77.5514473,13.0343999,0.0
,,,,,,-1,0,-1,,,706536,Couroupita Guianensis Abul.,GN7540LC7VEM001,706536,29572055428031620000BBMPTREESENSU0000,17,15469,77.55153129999998,13.0339749,0.0
,,,,,,-1,0,-1,,,706540,Couroupita Guianensis Abul.,GN7540LC7VGB001,706540,29572055428031620000BBMPTREESENSU0000,17,15469,77.5514283,13.0339849,0.0
,,,,,,-1,0,-1,,,707291,Couroupita Guianensis Abul.,GN7540LD8CNF001,707291,29572055428031620000BBMPTREESENSU0000,17,15469,77.55261129999998,13.0342009,0.0
,,,,,,-1,0,-1,,,707834,Couroupita Guianensis Abul.,GN7540LC9RTB001,707834,29572055428031620000BBMPTREESENSU0000,17,15143,77.5535643,13.0338589,0.0
,,,,,,-1,0,-1,,,708275,Couroupita Guianensis Abul.,GN7540LG8SAO001,708275,29572055428031620000BBMPTREESENSU0000,17,15469,77.55272929999998,13.0373979,0.0
,,,,,,-1,0,-1,,,708297,Couroupita Guianensis Abul.,GN7540LG8SAO008,708297,29572055428031620000BBMPTREESENSU0000,17,15469,77.55272929999998,13.0373979,0.0
,,,,,,-1,0,-1,,,708300,Couroupita Guianensis Abul.,GN7540LG8SAO009,708300,29572055428031620000BBMPTREESENSU0000,17,15469,77.55272929999998,13.0373979,0.0
,,,,,,-1,0,-1,,,708303,Couroupita Guianensis Abul.,GN7540LH8CPL001,708303,29572055428031620000BBMPTREESENSU0000,17,15469,77.5525573,13.0378579,0.0
,,,,,,-1,0,-1,,,708309,Couroupita Guianensis Abul.,GN7540LH8CPL002,708309,29572055428031620000BBMPTREESENSU0000,17,15469,77.5525573,13.0378579,0.0
,,,,,,-1,0,-1,,,708313,Couroupita Guianensis Abul.,GN7540LH8CPL003,708313,29572055428031620000BBMPTREESENSU0000,17,15469,77.5525573,13.0378579,0.0
,,,,,,-1,0,-1,,,708323,Couroupita Guianensis Abul.,GN7540LH8CPL004,708323,29572055428031620000BBMPTREESENSU0000,17,15469,77.5525573,13.0378579,0.0
,,,,,,-1,0,-1,,,708326,Couroupita Guianensis Abul.,GN7540LG8SQE001,708326,29572055428031620000BBMPTREESENSU0000,17,15469,77.5527453,13.0374889,0.0
,,,,,,-1,0,-1,,,708329,Couroupita Guianensis Abul.,GN7540LG8SRL001,708329,29572055428031620000BBMPTREESENSU0000,17,15469,77.5528093,13.0374989,0.0
,,,,,,-1,0,-1,,,708333,Couroupita Guianensis Abul.,GN7540LG8SRL003,708333,29572055428031620000BBMPTREESENSU0000,17,15469,77.5528093,13.0374989,0.0
,,,,,,-1,0,-1,,,708335,Couroupita Guianensis Abul.,GN7540LG8YXC001,708335,29572055428031620000BBMPTREESENSU0000,17,15469,77.55302229999998,13.0376939,0.0
,,,,,,-1,0,-1,,,708395,Couroupita Guianensis Abul.,GN7540LG9PKK003,708395,29572055428031620000BBMPTREESENSU0000,17,15469,77.5530983,13.0374539,0.0
,,,,,,-1,0,-1,,,708398,Couroupita Guianensis Abul.,GN7540LG9PKK004,708398,29572055428031620000BBMPTREESENSU0000,17,15469,77.5530983,13.0374539,0.0
,,,,,,-1,0,-1,,,708402,Couroupita Guianensis Abul.,GN7540LG9PKK005,708402,29572055428031620000BBMPTREESENSU0000,17,15469,77.5530983,13.0374539,0.0
,,,,,,-1,0,-1,,,708636,Couroupita Guianensis Abul.,GN7540LI4LGA001,708636,29572055428031620000BBMPTREESENSU0000,17,15469,77.5487093,13.0390749,0.0
,,,,,,-1,0,-1,,,708642,Couroupita Guianensis Abul.,GN7540LI4GPI001,708642,29572055428031620000BBMPTREESENSU0000,17,15469,77.5486723,13.0389819,0.0
,,,,,,-1,0,-1,,,709393,Couroupita Guianensis Abul.,GN8040WA1PDK001,709393,29572055428031620000BBMPTREESENSU0000,7,15371,77.60125139999998,13.0495501,0.0
,,,,,,-1,0,-1,,,710361,Couroupita Guianensis Abul.,GN7540MJ4UBL001,710361,29572055428031620000BBMPTREESENSU0000,17,15127,77.55777639999998,13.0402349,0.0
